Time,Open,High,Low,Last,Change,%Chg,Volume
1980-01-01,0.462,0.462,0.462,0.462,0.014,,0
1980-02-01,0.502,0.502,0.502,0.502,0.04,,0
1980-03-01,0.436,0.436,0.436,0.436,-0.066,,0
1980-04-01,0.374,0.374,0.374,0.374,-0.062,,0
1980-05-01,0.294,0.294,0.294,0.294,-0.08,,0
1980-06-01,0.303,0.303,0.303,0.303,0.009,,0
1980-07-01,0.35,0.35,0.35,0.35,0.047,,0
1980-08-01,0.455,0.455,0.455,0.455,0.105,,0
1980-09-01,0.501,0.501,0.501,0.501,0.046,,0
1980-10-01,0.555,0.555,0.555,0.555,0.054,,0
1980-11-01,0.582,0.582,0.582,0.582,0.027,,0
1980-12-01,0.53,0.53,0.53,0.53,-0.052,,0
1981-01-01,0.492,0.492,0.492,0.492,-0.038,,0
1981-02-01,0.488,0.488,0.488,0.488,-0.004,,0
1981-03-01,0.496,0.496,0.496,0.496,0.008,,0
1981-04-01,0.516,0.516,0.516,0.516,0.02,,0
1981-05-01,0.535,0.535,0.535,0.535,0.019,,0
1981-06-01,0.507,0.507,0.507,0.507,-0.028,,0
1981-07-01,0.467,0.467,0.467,0.467,-0.04,,0
1981-08-01,0.483,0.483,0.483,0.483,0.016,,0
1981-09-01,0.425,0.425,0.425,0.425,-0.058,,0
1981-10-01,0.4,0.4,0.4,0.4,-0.025,,0
1981-11-01,0.361,0.361,0.361,0.361,-0.039,,0
1981-12-01,0.378,0.378,0.378,0.378,0.017,,0
1982-01-01,0.382,0.382,0.382,0.382,0.004,,0
1982-02-01,0.383,0.383,0.383,0.383,0.001,,0
1982-03-01,0.368,0.368,0.368,0.368,-0.015,,0
1982-04-01,0.378,0.378,0.378,0.378,0.01,,0
1982-05-01,0.355,0.355,0.355,0.355,-0.023,,0
1982-06-01,0.383,0.383,0.383,0.383,0.028,,0
1982-07-01,0.384,0.384,0.384,0.384,0.001,,0
1982-08-01,0.383,0.383,0.383,0.383,-0.001,,0
1982-09-01,0.388,0.388,0.388,0.388,0.005,,0
1982-10-01,0.394,0.394,0.394,0.394,0.006,,0
1982-11-01,0.392,0.392,0.392,0.392,-0.002,,0
1982-12-01,0.428,0.428,0.428,0.428,0.036,,0
1983-01-01,0.46,0.46,0.46,0.46,0.032,,0
1983-02-01,0.544,0.544,0.544,0.544,0.084,,0
1983-03-01,0.539,0.539,0.539,0.539,-0.005,,0
1983-04-01,0.542,0.542,0.542,0.542,0.003,,0
1983-05-01,0.561,0.561,0.561,0.561,0.019,,0
1983-06-01,0.575,0.575,0.575,0.575,0.014,,0
1983-07-01,0.636,0.636,0.636,0.636,0.061,,0
1983-08-01,0.631,0.631,0.631,0.631,-0.005,,0
1983-09-01,0.625,0.625,0.625,0.625,-0.006,,0
1983-10-01,0.644,0.644,0.644,0.644,0.019,,0
1983-11-01,0.66,0.66,0.66,0.66,0.016,,0
1983-12-01,0.699,0.699,0.699,0.699,0.039,,0
1984-01-01,0.605,0.605,0.605,0.605,-0.094,,0
1984-02-01,0.613,0.613,0.613,0.613,0.008,,0
1984-03-01,0.589,0.589,0.589,0.589,-0.024,,0
1984-04-01,0.61,0.61,0.61,0.61,0.021,,0
1984-05-01,0.586,0.586,0.586,0.586,-0.024,,0
1984-06-01,0.581,0.581,0.581,0.581,-0.005,,0
1984-07-01,0.561,0.561,0.561,0.561,-0.02,,0
1984-08-01,0.53,0.53,0.53,0.53,-0.031,,0
1984-09-01,0.5,0.5,0.5,0.5,-0.03,,0
1984-10-01,0.508,0.508,0.508,0.508,0.008,,0
1984-11-01,0.503,0.503,0.503,0.503,-0.005,,0
1984-12-01,0.506,0.506,0.506,0.506,0.003,,0
1985-01-01,0.503,0.503,0.503,0.503,-0.003,,0
1985-02-01,0.499,0.499,0.499,0.499,-0.004,,0
1985-03-01,0.478,0.478,0.478,0.478,-0.021,,0
1985-04-01,0.482,0.482,0.482,0.482,0.004,,0
1985-05-01,0.471,0.471,0.471,0.471,-0.011,,0
1985-06-01,0.478,0.478,0.478,0.478,0.007,,0
1985-07-01,0.479,0.479,0.479,0.479,0.001,,0
1985-08-01,0.477,0.477,0.477,0.477,-0.002,,0
1985-09-01,0.499,0.499,0.499,0.499,0.022,,0
1985-10-01,0.509,0.509,0.509,0.509,0.01,,0
1985-11-01,0.52,0.52,0.52,0.52,0.011,,0
1985-12-01,0.507,0.507,0.507,0.507,-0.013,,0
1986-01-01,0.512,0.512,0.512,0.512,0.005,,0
1986-02-01,0.51,0.51,0.51,0.51,-0.002,,0
1986-03-01,0.51,0.51,0.51,0.51,0.0,,0
1986-04-01,0.497,0.497,0.497,0.497,-0.013,,0
1986-05-01,0.534,0.534,0.534,0.534,0.037,,0
1986-06-01,0.505,0.505,0.505,0.505,-0.029,,0
1986-07-01,0.48,0.48,0.48,0.48,-0.025,,0
1986-08-01,0.526,0.526,0.526,0.526,0.046,,0
1986-09-01,0.524,0.524,0.524,0.524,-0.002,,0
1986-10-01,0.512,0.512,0.512,0.512,-0.012,,0
1986-11-01,0.512,0.512,0.512,0.512,0.0,,0
1986-12-01,0.505,0.505,0.505,0.505,-0.007,,0
1987-01-01,0.549,0.549,0.549,0.549,0.044,,0
1987-02-01,0.526,0.526,0.526,0.526,-0.023,,0
1987-03-01,0.55,0.55,0.55,0.55,0.024,,0
1987-04-01,0.555,0.555,0.555,0.555,0.005,,0
1987-05-01,0.572,0.572,0.572,0.572,0.017,,0
1987-06-01,0.574,0.574,0.574,0.574,0.002,,0
1987-07-01,0.575,0.575,0.575,0.575,0.001,,0
1987-08-01,0.593,0.593,0.593,0.593,0.018,,0
1987-09-01,0.601,0.601,0.601,0.601,0.008,,0
1987-10-01,0.607,0.607,0.607,0.607,0.006,,0
1987-11-01,0.588,0.588,0.588,0.588,-0.019,,0
1987-12-01,0.61,0.61,0.61,0.61,0.022,,0
1988-01-01,0.575,0.575,0.575,0.575,-0.035,,0
1988-02-01,0.562,0.562,0.562,0.562,-0.013,,0
1988-03-01,0.546,0.546,0.546,0.546,-0.016,,0
1988-04-01,0.558,0.558,0.558,0.558,0.012,,0
1988-05-01,0.555,0.555,0.555,0.555,-0.003,,0
1988-06-01,0.593,0.593,0.593,0.593,0.038,,0
1988-07-01,0.582,0.582,0.582,0.582,-0.011,,0
1988-08-01,0.56,0.56,0.56,0.56,-0.022,,0
1988-09-01,0.546,0.546,0.546,0.546,-0.014,,0
1988-10-01,0.555,0.555,0.555,0.555,0.009,,0
1988-11-01,0.556,0.556,0.556,0.556,0.001,,0
1988-12-01,0.56,0.56,0.56,0.56,0.004,,0
1989-01-01,0.547,0.547,0.547,0.547,-0.013,,0
1989-02-01,0.541,0.541,0.541,0.541,-0.006,,0
1989-03-01,0.515,0.515,0.515,0.515,-0.026,,0
1989-04-01,0.522,0.522,0.522,0.522,0.007,,0
1989-05-01,0.493,0.493,0.493,0.493,-0.029,,0
1989-06-01,0.473,0.473,0.473,0.473,-0.02,,0
1989-07-01,0.459,0.459,0.459,0.459,-0.014,,0
1989-08-01,0.451,0.451,0.451,0.451,-0.008,,0
1989-09-01,0.46,0.46,0.46,0.46,0.009,,0
1989-10-01,0.468,0.468,0.468,0.468,0.008,,0
1989-11-01,0.468,0.468,0.468,0.468,0.0,,0
1989-12-01,0.474,0.474,0.474,0.474,0.006,,0
1990-01-01,0.472,0.472,0.472,0.472,-0.002,,0
1990-02-01,0.491,0.491,0.491,0.491,0.019,,0
1990-03-01,0.499,0.499,0.499,0.499,0.008,,0
1990-04-01,0.5,0.5,0.5,0.5,0.001,,0
1990-05-01,0.495,0.495,0.495,0.495,-0.005,,0
1990-06-01,0.492,0.492,0.492,0.492,-0.003,,0
1990-07-01,0.466,0.466,0.466,0.466,-0.026,,0
1990-08-01,0.461,0.461,0.461,0.461,-0.005,,0
1990-09-01,0.445,0.445,0.445,0.445,-0.016,,0
1990-10-01,0.432,0.432,0.432,0.432,-0.013,,0
1990-11-01,0.413,0.413,0.413,0.413,-0.019,,0
1990-12-01,0.408,0.408,0.408,0.408,-0.005,,0
1991-01-01,0.392,0.392,0.392,0.392,-0.016,,0
1991-02-01,0.394,0.394,0.394,0.394,0.002,,0
1991-03-01,0.407,0.407,0.407,0.407,0.013,,0
1991-04-01,0.428,0.428,0.428,0.428,0.021,,0
1991-05-01,0.445,0.445,0.445,0.445,0.017,,0
1991-06-01,0.503,0.503,0.503,0.503,0.058,,0
1991-07-01,0.506,0.506,0.506,0.506,0.003,,0
1991-08-01,0.529,0.529,0.529,0.529,0.023,,0
1991-09-01,0.549,0.549,0.549,0.549,0.02,,0
1991-10-01,0.531,0.531,0.531,0.531,-0.018,,0
1991-11-01,0.495,0.495,0.495,0.495,-0.036,,0
1991-12-01,0.468,0.468,0.468,0.468,-0.027,,0
1992-01-01,0.473,0.473,0.473,0.473,0.005,,0
1992-02-01,0.527,0.527,0.527,0.527,0.054,,0
1992-03-01,0.546,0.546,0.546,0.546,0.019,,0
1992-04-01,0.526,0.526,0.526,0.526,-0.02,,0
1992-05-01,0.557,0.557,0.557,0.557,0.031,,0
1992-06-01,0.536,0.536,0.536,0.536,-0.021,,0
1992-07-01,0.539,0.539,0.539,0.539,0.003,,0
1992-08-01,0.534,0.534,0.534,0.534,-0.005,,0
1992-09-01,0.497,0.497,0.497,0.497,-0.037,,0
1992-10-01,0.503,0.503,0.503,0.503,0.006,,0
1992-11-01,0.536,0.536,0.536,0.536,0.033,,0
1992-12-01,0.542,0.542,0.542,0.542,0.006,,0
1993-01-01,0.558,0.558,0.558,0.558,0.016,,0
1993-02-01,0.552,0.552,0.552,0.552,-0.006,,0
1993-03-01,0.535,0.535,0.535,0.535,-0.017,,0
1993-04-01,0.502,0.502,0.502,0.502,-0.033,,0
1993-05-01,0.512,0.512,0.512,0.512,0.01,,0
1993-06-01,0.496,0.496,0.496,0.496,-0.016,,0
1993-07-01,0.502,0.502,0.502,0.502,0.006,,0
1993-08-01,0.507,0.507,0.507,0.507,0.005,,0
1993-09-01,0.508,0.508,0.508,0.508,0.001,,0
1993-10-01,0.534,0.534,0.534,0.534,0.026,,0
1993-11-01,0.538,0.538,0.538,0.538,0.004,,0
1993-12-01,0.556,0.556,0.556,0.556,0.018,,0
1994-01-01,0.56,0.56,0.56,0.56,0.004,,0
1994-02-01,0.565,0.565,0.565,0.565,0.005,,0
1994-03-01,0.569,0.569,0.569,0.569,0.004,,0
1994-04-01,0.574,0.574,0.574,0.574,0.005,,0
1994-05-01,0.582,0.582,0.582,0.582,0.008,,0
1994-06-01,0.588,0.588,0.588,0.588,0.006,,0
1994-07-01,0.585,0.585,0.585,0.585,-0.003,,0
1994-08-01,0.58,0.58,0.58,0.58,-0.005,,0
1994-09-01,0.59,0.59,0.59,0.59,0.01,,0
1994-10-01,0.594,0.594,0.594,0.594,0.004,,0
1994-11-01,0.592,0.592,0.592,0.592,-0.002,,0
1994-12-01,0.561,0.561,0.561,0.561,-0.031,,0
1995-01-01,0.574,0.574,0.574,0.574,0.013,,0
1995-02-01,0.551,0.551,0.551,0.551,-0.023,,0
1995-03-01,0.521,0.521,0.521,0.521,-0.03,,0
1995-04-01,0.515,0.515,0.515,0.515,-0.006,,0
1995-05-01,0.467,0.467,0.467,0.467,-0.048,,0
1995-06-01,0.459,0.459,0.459,0.459,-0.008,,0
1995-07-01,0.507,0.507,0.507,0.507,0.048,,0
1995-08-01,0.471,0.471,0.471,0.471,-0.036,,0
1995-09-01,0.481,0.481,0.481,0.481,0.01,,0
1995-10-01,0.467,0.467,0.467,0.467,-0.014,,0
1995-11-01,0.459,0.459,0.459,0.459,-0.008,,0
1995-12-01,0.462,0.462,0.462,0.462,0.003,,0
1996-01-01,0.455,0.455,0.455,0.455,-0.007,,0
1996-02-01,0.459,0.459,0.459,0.459,0.004,,0
1996-03-01,0.469,0.469,0.469,0.469,0.01,,0
1996-04-01,0.493,0.493,0.493,0.493,0.024,,0
1996-05-01,0.491,0.491,0.491,0.491,-0.002,,0
1996-06-01,0.536,0.536,0.536,0.536,0.045,,0
1996-07-01,0.497,0.497,0.497,0.497,-0.039,,0
1996-08-01,0.516,0.516,0.516,0.516,0.019,,0
1996-09-01,0.511,0.511,0.511,0.511,-0.005,,0
1996-10-01,0.505,0.505,0.505,0.505,-0.006,,0
1996-11-01,0.53,0.53,0.53,0.53,0.025,,0
1996-12-01,0.552,0.552,0.552,0.552,0.022,,0
1997-01-01,0.538,0.538,0.538,0.538,-0.014,,0
1997-02-01,0.531,0.531,0.531,0.531,-0.007,,0
1997-03-01,0.538,0.538,0.538,0.538,0.007,,0
1997-04-01,0.537,0.537,0.537,0.537,-0.001,,0
1997-05-01,0.561,0.561,0.561,0.561,0.024,,0
1997-06-01,0.549,0.549,0.549,0.549,-0.012,,0
1997-07-01,0.577,0.577,0.577,0.577,0.028,,0
1997-08-01,0.563,0.563,0.563,0.563,-0.014,,0
1997-09-01,0.539,0.539,0.539,0.539,-0.024,,0
1997-10-01,0.564,0.564,0.564,0.564,0.025,,0
1997-11-01,0.557,0.557,0.557,0.557,-0.007,,0
1997-12-01,0.545,0.545,0.545,0.545,-0.012,,0
1998-01-01,0.538,0.538,0.538,0.538,-0.007,,0
1998-02-01,0.529,0.529,0.529,0.529,-0.009,,0
1998-03-01,0.529,0.529,0.529,0.529,0.0,,0
1998-04-01,0.522,0.522,0.522,0.522,-0.007,,0
1998-05-01,0.509,0.509,0.509,0.509,-0.013,,0
1998-06-01,0.489,0.489,0.489,0.489,-0.02,,0
1998-07-01,0.492,0.492,0.492,0.492,0.003,,0
1998-08-01,0.493,0.493,0.493,0.493,0.001,,0
1998-09-01,0.487,0.487,0.487,0.487,-0.006,,0
1998-10-01,0.487,0.487,0.487,0.487,0.0,,0
1998-11-01,0.482,0.482,0.482,0.482,-0.005,,0
1998-12-01,0.468,0.468,0.468,0.468,-0.014,,0
1999-01-01,0.506,0.506,0.506,0.506,0.038,,0
1999-02-01,0.517,0.517,0.517,0.517,0.011,,0
1999-03-01,0.524,0.524,0.524,0.524,0.007,,0
1999-04-01,0.523,0.523,0.523,0.523,-0.001,,0
1999-05-01,0.543,0.543,0.543,0.543,0.02,,0
1999-06-01,0.558,0.558,0.558,0.558,0.015,,0
1999-07-01,0.536,0.536,0.536,0.536,-0.022,,0
1999-08-01,0.548,0.548,0.548,0.548,0.012,,0
1999-09-01,0.57,0.57,0.57,0.57,0.022,,0
1999-10-01,0.572,0.572,0.572,0.572,0.002,,0
1999-11-01,0.581,0.581,0.581,0.581,0.009,,0
1999-12-01,0.578,0.578,0.578,0.578,-0.003,,0
2000-01-01,0.567,0.567,0.567,0.567,-0.011,,0
2000-02-01,0.558,0.558,0.558,0.558,-0.009,,0
2000-03-01,0.549,0.549,0.549,0.549,-0.009,,0
2000-04-01,0.547,0.547,0.547,0.547,-0.002,,0
2000-05-01,0.532,0.532,0.532,0.532,-0.015,,0
2000-06-01,0.514,0.514,0.514,0.514,-0.018,,0
2000-07-01,0.525,0.525,0.525,0.525,0.011,,0
2000-08-01,0.499,0.499,0.499,0.499,-0.026,,0
2000-09-01,0.497,0.497,0.497,0.497,-0.002,,0
2000-10-01,0.487,0.487,0.487,0.487,-0.01,,0
2000-11-01,0.485,0.485,0.485,0.485,-0.002,,0
2000-12-01,0.439,0.439,0.439,0.439,-0.046,,0
2001-01-01,0.414,0.414,0.414,0.414,-0.025,,0
2001-02-01,0.411,0.411,0.411,0.411,-0.003,,0
2001-03-01,0.426,0.426,0.426,0.426,0.015,,0
2001-04-01,0.431,0.431,0.431,0.431,0.005,,0
2001-05-01,0.419,0.419,0.419,0.419,-0.012,,0
2001-06-01,0.439,0.439,0.439,0.439,0.02,,0
2001-07-01,0.447,0.447,0.447,0.447,0.008,,0
2001-08-01,0.483,0.483,0.483,0.483,0.036,,0
2001-09-01,0.477,0.477,0.477,0.477,-0.006,,0
2001-10-01,0.405,0.405,0.405,0.405,-0.072,,0
2001-11-01,0.45,0.45,0.45,0.45,0.045,,0
2001-12-01,0.467,0.467,0.467,0.467,0.017,,0
2002-01-01,0.491,0.491,0.491,0.491,0.024,,0
2002-02-01,0.532,0.532,0.532,0.532,0.041,,0
2002-03-01,0.549,0.549,0.549,0.549,0.017,,0
2002-04-01,0.54,0.54,0.54,0.54,-0.009,,0
2002-05-01,0.552,0.552,0.552,0.552,0.012,,0
2002-06-01,0.558,0.558,0.558,0.558,0.006,,0
2002-07-01,0.514,0.514,0.514,0.514,-0.044,,0
2002-08-01,0.509,0.509,0.509,0.509,-0.005,,0
2002-09-01,0.517,0.517,0.517,0.517,0.008,,0
2002-10-01,0.501,0.501,0.501,0.501,-0.016,,0
2002-11-01,0.496,0.496,0.496,0.496,-0.005,,0
2002-12-01,0.525,0.525,0.525,0.525,0.029,,0
2003-01-01,0.528,0.528,0.528,0.528,0.003,,0
2003-02-01,0.499,0.499,0.499,0.499,-0.029,,0
2003-03-01,0.464,0.464,0.464,0.464,-0.035,,0
2003-04-01,0.461,0.461,0.461,0.461,-0.003,,0
2003-05-01,0.498,0.498,0.498,0.498,0.037,,0
2003-06-01,0.504,0.504,0.504,0.504,0.006,,0
2003-07-01,0.525,0.525,0.525,0.525,0.021,,0
2003-08-01,0.556,0.556,0.556,0.556,0.031,,0
2003-09-01,0.551,0.551,0.551,0.551,-0.005,,0
2003-10-01,0.577,0.577,0.577,0.577,0.026,,0
2003-11-01,0.613,0.613,0.613,0.613,0.036,,0
2003-12-01,0.621,0.621,0.621,0.621,0.008,,0
2004-01-01,0.628,0.628,0.628,0.628,0.007,,0
2004-02-01,0.621,0.621,0.621,0.621,-0.007,,0
2004-03-01,0.623,0.623,0.623,0.623,0.002,,0
2004-04-01,0.623,0.623,0.623,0.623,0.0,,0
2004-05-01,0.626,0.626,0.626,0.626,0.003,,0
2004-06-01,0.612,0.612,0.612,0.612,-0.014,,0
2004-07-01,0.616,0.616,0.616,0.616,0.004,,0
2004-08-01,0.596,0.596,0.596,0.596,-0.02,,0
2004-09-01,0.591,0.591,0.591,0.591,-0.005,,0
2004-10-01,0.575,0.575,0.575,0.575,-0.016,,0
2004-11-01,0.576,0.576,0.576,0.576,0.001,,0
2004-12-01,0.573,0.573,0.573,0.573,-0.003,,0
2005-01-01,0.564,0.564,0.564,0.564,-0.009,,0
2005-02-01,0.553,0.553,0.553,0.553,-0.011,,0
2005-03-01,0.552,0.552,0.552,0.552,-0.001,,0
2005-04-01,0.533,0.533,0.533,0.533,-0.019,,0
2005-05-01,0.514,0.514,0.514,0.514,-0.019,,0
2005-06-01,0.538,0.538,0.538,0.538,0.024,,0
2005-07-01,0.566,0.566,0.566,0.566,0.028,,0
2005-08-01,0.536,0.536,0.536,0.536,-0.03,,0
2005-09-01,0.58,0.58,0.58,0.58,0.044,,0
2005-10-01,0.581,0.581,0.581,0.581,0.001,,0
2005-11-01,0.573,0.573,0.573,0.573,-0.008,,0
2005-12-01,0.556,0.556,0.556,0.556,-0.017,,0
2006-01-01,0.548,0.548,0.548,0.548,-0.008,,0
2006-02-01,0.567,0.567,0.567,0.567,0.019,,0
2006-03-01,0.552,0.552,0.552,0.552,-0.015,,0
2006-04-01,0.573,0.573,0.573,0.573,0.021,,0
2006-05-01,0.544,0.544,0.544,0.544,-0.029,,0
2006-06-01,0.538,0.538,0.538,0.538,-0.006,,0
2006-07-01,0.547,0.547,0.547,0.547,0.009,,0
2006-08-01,0.545,0.545,0.545,0.545,-0.002,,0
2006-09-01,0.527,0.527,0.527,0.527,-0.018,,0
2006-10-01,0.515,0.515,0.515,0.515,-0.012,,0
2006-11-01,0.499,0.499,0.499,0.499,-0.016,,0
2006-12-01,0.514,0.514,0.514,0.514,0.015,,0
2007-01-01,0.493,0.493,0.493,0.493,-0.021,,0
2007-02-01,0.523,0.523,0.523,0.523,0.03,,0
2007-03-01,0.509,0.509,0.509,0.509,-0.014,,0
2007-04-01,0.547,0.547,0.547,0.547,0.038,,0
2007-05-01,0.55,0.55,0.55,0.55,0.003,,0
2007-06-01,0.56,0.56,0.56,0.56,0.01,,0
2007-07-01,0.538,0.538,0.538,0.538,-0.022,,0
2007-08-01,0.512,0.512,0.512,0.512,-0.026,,0
2007-09-01,0.505,0.505,0.505,0.505,-0.007,,0
2007-10-01,0.504,0.504,0.504,0.504,-0.001,,0
2007-11-01,0.5,0.5,0.5,0.5,-0.004,,0
2007-12-01,0.484,0.484,0.484,0.484,-0.016,,0
2008-01-01,0.507,0.507,0.507,0.507,0.023,,0
2008-02-01,0.483,0.483,0.483,0.483,-0.024,,0
2008-03-01,0.486,0.486,0.486,0.486,0.003,,0
2008-04-01,0.486,0.486,0.486,0.486,0.0,,0
2008-05-01,0.496,0.496,0.496,0.496,0.01,,0
2008-06-01,0.502,0.502,0.502,0.502,0.006,,0
2008-07-01,0.5,0.5,0.5,0.5,-0.002,,0
2008-08-01,0.493,0.493,0.493,0.493,-0.007,,0
2008-09-01,0.434,0.434,0.434,0.434,-0.059,,0
2008-10-01,0.387,0.387,0.387,0.387,-0.047,,0
2008-11-01,0.366,0.366,0.366,0.366,-0.021,,0
2008-12-01,0.329,0.329,0.329,0.329,-0.037,,0
2009-01-01,0.356,0.356,0.356,0.356,0.027,,0
2009-02-01,0.358,0.358,0.358,0.358,0.002,,0
2009-03-01,0.363,0.363,0.363,0.363,0.005,,0
2009-04-01,0.401,0.401,0.401,0.401,0.038,,0
2009-05-01,0.428,0.428,0.428,0.428,0.027,,0
2009-06-01,0.448,0.448,0.448,0.448,0.02,,0
2009-07-01,0.489,0.489,0.489,0.489,0.041,,0
2009-08-01,0.528,0.528,0.528,0.528,0.039,,0
2009-09-01,0.524,0.524,0.524,0.524,-0.004,,0
2009-10-01,0.552,0.552,0.552,0.552,0.028,,0
2009-11-01,0.537,0.537,0.537,0.537,-0.015,,0
2009-12-01,0.549,0.549,0.549,0.549,0.012,,0
2010-01-01,0.584,0.584,0.584,0.584,0.035,,0
2010-02-01,0.565,0.565,0.565,0.565,-0.019,,0
2010-03-01,0.596,0.596,0.596,0.596,0.031,,0
2010-04-01,0.604,0.604,0.604,0.604,0.008,,0
2010-05-01,0.597,0.597,0.597,0.597,-0.007,,0
2010-06-01,0.562,0.562,0.562,0.562,-0.035,,0
2010-07-01,0.555,0.555,0.555,0.555,-0.007,,0
2010-08-01,0.563,0.563,0.563,0.563,0.008,,0
2010-09-01,0.553,0.553,0.553,0.553,-0.01,,0
2010-10-01,0.569,0.569,0.569,0.569,0.016,,0
2010-11-01,0.582,0.582,0.582,0.582,0.013,,0
2010-12-01,0.585,0.585,0.585,0.585,0.003,,0
2011-01-01,0.608,0.608,0.608,0.608,0.023,,0
