Time,Open,High,Low,Last,Change,%Chg,Volume
2020-01-03,0.85,0.85,0.85,0.85,-0.15,-15.00%,0.0
2020-01-06,0.76,0.76,0.76,0.76,-0.09,-10.59%,0.0
2020-01-07,0.97,0.97,0.97,0.97,0.21,+27.63%,0.0
2020-01-08,0.86,0.86,0.86,0.86,-0.11,-11.34%,0.0
2020-01-09,0.88,0.88,0.88,0.88,0.02,+2.33%,0.0
2020-01-10,1.04,1.04,1.04,1.04,0.16,+18.18%,0.0
2020-01-13,1.47,1.47,1.47,1.47,0.43,+41.35%,0.0
2020-01-14,1.13,1.13,1.13,1.13,-0.34,-23.13%,0.0
2020-01-15,0.84,0.84,0.84,0.84,-0.29,-25.66%,0.0
2020-01-16,1.88,1.88,1.88,1.88,1.04,+123.81%,0.0
2020-01-17,1.55,1.55,1.55,1.55,-0.33,-17.55%,0.0
2020-01-21,0.69,0.69,0.69,0.69,-0.86,-55.48%,0.0
2020-01-22,0.87,0.87,0.87,0.87,0.18,+26.09%,0.0
2020-01-23,0.98,0.98,0.98,0.98,0.11,+12.64%,0.0
2020-01-24,1.07,1.07,1.07,1.07,0.09,+9.18%,0.0
2020-01-27,0.86,0.86,0.86,0.86,-0.21,-19.63%,0.0
2020-01-28,0.97,0.97,0.97,0.97,0.11,+12.79%,0.0
2020-01-29,1.09,1.09,1.09,1.09,0.12,+12.37%,0.0
2020-01-30,1.2,1.2,1.2,1.2,0.11,+10.09%,0.0
2020-01-31,1.22,1.22,1.22,1.22,0.02,+1.67%,0.0
2020-02-03,1.26,1.26,1.26,1.26,0.04,+3.28%,0.0
2020-02-04,1.32,1.32,1.32,1.32,0.06,+4.76%,0.0
2020-02-05,0.9,0.9,0.9,0.9,-0.42,-31.82%,0.0
2020-02-06,0.86,0.86,0.86,0.86,-0.04,-4.44%,0.0
2020-02-07,1.22,1.22,1.22,1.22,0.36,+41.86%,0.0
2020-02-10,1.14,1.14,1.14,1.14,-0.08,-6.56%,0.0
2020-02-11,1.28,1.28,1.28,1.28,0.14,+12.28%,0.0
2020-02-12,1.0,1.0,1.0,1.0,-0.28,-21.88%,0.0
2020-02-13,1.17,1.17,1.17,1.17,0.17,+17.00%,0.0
2020-02-14,0.9,0.9,0.9,0.9,-0.27,-23.08%,0.0
2020-02-18,0.96,0.96,0.96,0.96,0.06,+6.67%,0.0
2020-02-19,0.81,0.81,0.81,0.81,-0.15,-15.63%,0.0
2020-02-20,1.09,1.09,1.09,1.09,0.28,+34.57%,0.0
2020-02-21,0.98,0.98,0.98,0.98,-0.11,-10.09%,0.0
2020-02-24,0.85,0.85,0.85,0.85,-0.13,-13.27%,0.0
2020-02-25,1.07,1.07,1.07,1.07,0.22,+25.88%,0.0
2020-02-26,0.72,0.72,0.72,0.72,-0.35,-32.71%,0.0
2020-02-27,0.81,0.81,0.81,0.81,0.09,+12.50%,0.0
2020-02-28,0.93,0.93,0.93,0.93,0.12,+14.81%,0.0
2020-03-02,1.06,1.06,1.06,1.06,0.13,+13.98%,0.0
2020-03-03,1.44,1.44,1.44,1.44,0.38,+35.85%,0.0
2020-03-04,1.1,1.1,1.1,1.1,-0.34,-23.61%,0.0
2020-03-05,0.81,0.81,0.81,0.81,-0.29,-26.36%,0.0
2020-03-06,0.75,0.75,0.75,0.75,-0.06,-7.41%,0.0
2020-03-09,0.77,0.77,0.77,0.77,0.02,+2.67%,0.0
2020-03-10,1.34,1.34,1.34,1.34,0.57,+74.03%,0.0
2020-03-11,1.24,1.24,1.24,1.24,-0.1,-7.46%,0.0
2020-03-12,1.16,1.16,1.16,1.16,-0.08,-6.45%,0.0
2020-03-13,1.3,1.3,1.3,1.3,0.14,+12.07%,0.0
2020-03-16,1.57,1.57,1.57,1.57,0.27,+20.77%,0.0
2020-03-17,2.43,2.43,2.43,2.43,0.86,+54.78%,0.0
2020-03-18,1.93,1.93,1.93,1.93,-0.5,-20.58%,0.0
2020-03-19,3.39,3.39,3.39,3.39,1.46,+75.65%,0.0
2020-03-20,1.7,1.7,1.7,1.7,-1.69,-49.85%,0.0
2020-03-23,1.1,1.1,1.1,1.1,-0.6,-35.29%,0.0
2020-03-24,0.92,0.92,0.92,0.92,-0.18,-16.36%,0.0
2020-03-25,1.02,1.02,1.02,1.02,0.1,+10.87%,0.0
2020-03-26,1.26,1.26,1.26,1.26,0.24,+23.53%,0.0
2020-03-27,0.71,0.71,0.71,0.71,-0.55,-43.65%,0.0
2020-03-30,1.22,1.22,1.22,1.22,0.51,+71.83%,0.0
2020-03-31,1.36,1.36,1.36,1.36,0.14,+11.48%,0.0
2020-04-01,0.88,0.88,0.88,0.88,-0.48,-35.29%,0.0
2020-04-02,2.55,2.55,2.55,2.55,1.67,+189.77%,0.0
2020-04-03,1.98,1.98,1.98,1.98,-0.57,-22.35%,0.0
2020-04-06,0.96,0.96,0.96,0.96,-1.02,-51.52%,0.0
2020-04-07,1.01,1.01,1.01,1.01,0.05,+5.21%,0.0
2020-04-08,1.45,1.45,1.45,1.45,0.44,+43.56%,0.0
2020-04-09,1.06,1.06,1.06,1.06,-0.39,-26.90%,0.0
2020-04-13,1.67,1.67,1.67,1.67,0.61,+57.55%,0.0
2020-04-14,1.72,1.72,1.72,1.72,0.05,+2.99%,0.0
2020-04-15,0.83,0.83,0.83,0.83,-0.89,-51.74%,0.0
2020-04-16,0.79,0.79,0.79,0.79,-0.04,-4.82%,0.0
2020-04-17,1.01,1.01,1.01,1.01,0.22,+27.85%,0.0
2020-04-20,0.92,0.92,0.92,0.92,-0.09,-8.91%,0.0
2020-04-21,0.7,0.7,0.7,0.7,-0.22,-23.91%,0.0
2020-04-22,0.87,0.87,0.87,0.87,0.17,+24.29%,0.0
2020-04-23,0.75,0.75,0.75,0.75,-0.12,-13.79%,0.0
2020-04-24,0.91,0.91,0.91,0.91,0.16,+21.33%,0.0
2020-04-27,1.0,1.0,1.0,1.0,0.09,+9.89%,0.0
2020-04-28,1.07,1.07,1.07,1.07,0.07,+7.00%,0.0
2020-04-29,1.44,1.44,1.44,1.44,0.37,+34.58%,0.0
2020-04-30,1.52,1.52,1.52,1.52,0.08,+5.56%,0.0
2020-05-01,0.92,0.92,0.92,0.92,-0.6,-39.47%,0.0
2020-05-04,0.87,0.87,0.87,0.87,-0.05,-5.43%,0.0
2020-05-05,1.82,1.82,1.82,1.82,0.95,+109.20%,0.0
2020-05-06,1.08,1.08,1.08,1.08,-0.74,-40.66%,0.0
2020-05-07,0.52,0.52,0.52,0.52,-0.56,-51.85%,0.0
2020-05-08,0.8,0.8,0.8,0.8,0.28,+53.85%,0.0
2020-05-11,1.68,1.68,1.68,1.68,0.88,+110.00%,0.0
2020-05-12,0.98,0.98,0.98,0.98,-0.7,-41.67%,0.0
2020-05-13,0.69,0.69,0.69,0.69,-0.29,-29.59%,0.0
2020-05-14,0.48,0.48,0.48,0.48,-0.21,-30.43%,0.0
2020-05-15,0.87,0.87,0.87,0.87,0.39,+81.25%,0.0
2020-05-18,0.95,0.95,0.95,0.95,0.08,+9.20%,0.0
2020-05-19,0.89,0.89,0.89,0.89,-0.06,-6.32%,0.0
2020-05-20,0.91,0.91,0.91,0.91,0.02,+2.25%,0.0
2020-05-21,1.0,1.0,1.0,1.0,0.09,+9.89%,0.0
2020-05-26,1.84,1.84,1.84,1.84,0.84,+84.00%,0.0
2020-05-27,0.71,0.71,0.71,0.71,-1.13,-61.41%,0.0
2020-05-28,0.8,0.8,0.8,0.8,0.09,+12.68%,0.0
2020-05-29,1.38,1.38,1.38,1.38,0.58,+72.50%,0.0
2020-06-01,1.78,1.78,1.78,1.78,0.4,+28.99%,0.0
2020-06-02,1.35,1.35,1.35,1.35,-0.43,-24.16%,0.0
2020-06-03,1.21,1.21,1.21,1.21,-0.14,-10.37%,0.0
2020-06-04,2.04,2.04,2.04,2.04,0.83,+68.60%,0.0
2020-06-05,0.95,0.95,0.95,0.95,-1.09,-53.43%,0.0
2020-06-08,1.81,1.81,1.81,1.81,0.86,+90.53%,0.0
2020-06-09,1.68,1.68,1.68,1.68,-0.13,-7.18%,0.0
2020-06-10,1.33,1.33,1.33,1.33,-0.35,-20.83%,0.0
2020-06-11,0.82,0.82,0.82,0.82,-0.51,-38.35%,0.0
2020-06-12,0.97,0.97,0.97,0.97,0.15,+18.29%,0.0
2020-06-15,1.07,1.07,1.07,1.07,0.1,+10.31%,0.0
2020-06-16,0.95,0.95,0.95,0.95,-0.12,-11.21%,0.0
2020-06-17,1.45,1.45,1.45,1.45,0.5,+52.63%,0.0
2020-06-18,1.08,1.08,1.08,1.08,-0.37,-25.52%,0.0
2020-06-19,1.59,1.59,1.59,1.59,0.51,+47.22%,0.0
2020-06-22,0.97,0.97,0.97,0.97,-0.62,-38.99%,0.0
2020-06-23,2.44,2.44,2.44,2.44,1.47,+151.55%,0.0
2020-06-24,0.81,0.81,0.81,0.81,-1.63,-66.80%,0.0
2020-06-25,1.59,1.59,1.59,1.59,0.78,+96.30%,0.0
2020-06-26,0.65,0.65,0.65,0.65,-0.94,-59.12%,0.0
2020-06-29,2.56,2.56,2.56,2.56,1.91,+293.85%,0.0
2020-06-30,1.42,1.42,1.42,1.42,-1.14,-44.53%,0.0
2020-07-01,1.36,1.36,1.36,1.36,-0.06,-4.23%,0.0
2020-07-02,1.16,1.16,1.16,1.16,-0.2,-14.71%,0.0
2020-07-06,1.33,1.33,1.33,1.33,0.17,+14.66%,0.0
2020-07-07,1.18,1.18,1.18,1.18,-0.15,-11.28%,0.0
2020-07-08,1.49,1.49,1.49,1.49,0.31,+26.27%,0.0
2020-07-09,1.31,1.31,1.31,1.31,-0.18,-12.08%,0.0
2020-07-10,0.84,0.84,0.84,0.84,-0.47,-35.88%,0.0
2020-07-13,1.51,1.51,1.51,1.51,0.67,+79.76%,0.0
2020-07-14,0.77,0.77,0.77,0.77,-0.74,-49.01%,0.0
2020-07-15,0.9,0.9,0.9,0.9,0.13,+16.88%,0.0
2020-07-16,1.02,1.02,1.02,1.02,0.12,+13.33%,0.0
2020-07-17,1.65,1.65,1.65,1.65,0.63,+61.76%,0.0
2020-07-20,2.56,2.56,2.56,2.56,0.91,+55.15%,0.0
2020-07-21,2.28,2.28,2.28,2.28,-0.28,-10.94%,0.0
2020-07-22,1.02,1.02,1.02,1.02,-1.26,-55.26%,0.0
2020-07-23,0.85,0.85,0.85,0.85,-0.17,-16.67%,0.0
2020-07-24,1.19,1.19,1.19,1.19,0.34,+40.00%,0.0
2020-07-27,0.75,0.75,0.75,0.75,-0.44,-36.97%,0.0
2020-07-28,0.74,0.74,0.74,0.74,-0.01,-1.33%,0.0
2020-07-29,1.09,1.09,1.09,1.09,0.35,+47.30%,0.0
2020-07-30,1.34,1.34,1.34,1.34,0.25,+22.94%,0.0
2020-07-31,1.19,1.19,1.19,1.19,-0.15,-11.19%,0.0
2020-08-03,1.18,1.18,1.18,1.18,-0.01,-0.84%,0.0
2020-08-04,0.79,0.79,0.79,0.79,-0.39,-33.05%,0.0
2020-08-05,1.16,1.16,1.16,1.16,0.37,+46.84%,0.0
2020-08-06,1.71,1.71,1.71,1.71,0.55,+47.41%,0.0
2020-08-07,1.23,1.23,1.23,1.23,-0.48,-28.07%,0.0
2020-08-10,1.02,1.02,1.02,1.02,-0.21,-17.07%,0.0
2020-08-11,1.87,1.87,1.87,1.87,0.85,+83.33%,0.0
2020-08-12,1.41,1.41,1.41,1.41,-0.46,-24.60%,0.0
2020-08-13,1.44,1.44,1.44,1.44,0.03,+2.13%,0.0
2020-08-14,1.11,1.11,1.11,1.11,-0.33,-22.92%,0.0
2020-08-17,1.04,1.04,1.04,1.04,-0.07,-6.31%,0.0
2020-08-18,1.13,1.13,1.13,1.13,0.09,+8.65%,0.0
2020-08-19,1.28,1.28,1.28,1.28,0.15,+13.27%,0.0
2020-08-20,0.86,0.86,0.86,0.86,-0.42,-32.81%,0.0
2020-08-21,1.29,1.29,1.29,1.29,0.43,+50.00%,0.0
2020-08-24,1.64,1.64,1.64,1.64,0.35,+27.13%,0.0
2020-08-25,1.23,1.23,1.23,1.23,-0.41,-25.00%,0.0
2020-08-26,1.32,1.32,1.32,1.32,0.09,+7.32%,0.0
2020-08-27,1.27,1.27,1.27,1.27,-0.05,-3.79%,0.0
2020-08-28,1.37,1.37,1.37,1.37,0.1,+7.87%,0.0
2020-08-31,1.23,1.23,1.23,1.23,-0.14,-10.22%,0.0
2020-09-01,1.0,1.0,1.0,1.0,-0.23,-18.70%,0.0
2020-09-02,1.57,1.57,1.57,1.57,0.57,+57.00%,0.0
2020-09-03,1.55,1.55,1.55,1.55,-0.02,-1.27%,0.0
2020-09-04,1.19,1.19,1.19,1.19,-0.36,-23.23%,0.0
2020-09-08,2.29,2.29,2.29,2.29,1.1,+92.44%,0.0
2020-09-09,0.86,0.86,0.86,0.86,-1.43,-62.45%,0.0
2020-09-10,1.12,1.12,1.12,1.12,0.26,+30.23%,0.0
2020-09-11,1.81,1.81,1.81,1.81,0.69,+61.61%,0.0
2020-09-14,1.96,1.96,1.96,1.96,0.15,+8.29%,0.0
2020-09-15,1.66,1.66,1.66,1.66,-0.3,-15.31%,0.0
2020-09-16,0.95,0.95,0.95,0.95,-0.71,-42.77%,0.0
2020-09-17,0.88,0.88,0.88,0.88,-0.07,-7.37%,0.0
2020-09-18,0.8,0.8,0.8,0.8,-0.08,-9.09%,0.0
2020-09-21,0.75,0.75,0.75,0.75,-0.05,-6.25%,0.0
2020-09-22,1.61,1.61,1.61,1.61,0.86,+114.67%,0.0
2020-09-23,1.21,1.21,1.21,1.21,-0.4,-24.84%,0.0
2020-09-24,1.22,1.22,1.22,1.22,0.01,+0.83%,0.0
2020-09-25,1.51,1.51,1.51,1.51,0.29,+23.77%,0.0
2020-09-28,2.09,2.09,2.09,2.09,0.58,+38.41%,0.0
2020-09-29,1.47,1.47,1.47,1.47,-0.62,-29.67%,0.0
2020-09-30,3.13,3.13,3.13,3.13,1.66,+112.93%,0.0
2020-10-01,1.38,1.38,1.38,1.38,-1.75,-55.91%,0.0
2020-10-02,1.54,1.54,1.54,1.54,0.16,+11.59%,0.0
2020-10-05,1.7,1.7,1.7,1.7,0.16,+10.39%,0.0
2020-10-06,1.51,1.51,1.51,1.51,-0.19,-11.18%,0.0
2020-10-07,2.13,2.13,2.13,2.13,0.62,+41.06%,0.0
2020-10-08,1.47,1.47,1.47,1.47,-0.66,-30.99%,0.0
2020-10-09,2.74,2.74,2.74,2.74,1.27,+86.39%,0.0
2020-10-12,2.18,2.18,2.18,2.18,-0.56,-20.44%,0.0
2020-10-13,1.2,1.2,1.2,1.2,-0.98,-44.95%,0.0
2020-10-14,1.8,1.8,1.8,1.8,0.6,+50.00%,0.0
2020-10-15,2.11,2.11,2.11,2.11,0.31,+17.22%,0.0
2020-10-16,2.07,2.07,2.07,2.07,-0.04,-1.90%,0.0
2020-10-19,2.16,2.16,2.16,2.16,0.09,+4.35%,0.0
2020-10-20,2.02,2.02,2.02,2.02,-0.14,-6.48%,0.0
2020-10-21,1.85,1.85,1.85,1.85,-0.17,-8.42%,0.0
2020-10-22,1.25,1.25,1.25,1.25,-0.6,-32.43%,0.0
2020-10-23,1.74,1.74,1.74,1.74,0.49,+39.20%,0.0
2020-10-26,1.3,1.3,1.3,1.3,-0.44,-25.29%,0.0
2020-10-27,2.45,2.45,2.45,2.45,1.15,+88.46%,0.0
2020-10-28,2.0,2.0,2.0,2.0,-0.45,-18.37%,0.0
2020-10-29,1.95,1.95,1.95,1.95,-0.05,-2.50%,0.0
2020-10-30,1.49,1.49,1.49,1.49,-0.46,-23.59%,0.0
2020-11-02,1.42,1.42,1.42,1.42,-0.07,-4.70%,0.0
2020-11-03,0.97,0.97,0.97,0.97,-0.45,-31.69%,0.0
2020-11-04,1.17,1.17,1.17,1.17,0.2,+20.62%,0.0
2020-11-05,1.5,1.5,1.5,1.5,0.33,+28.21%,0.0
2020-11-06,1.48,1.48,1.48,1.48,-0.02,-1.33%,0.0
2020-11-09,1.39,1.39,1.39,1.39,-0.09,-6.08%,0.0
2020-11-10,1.23,1.23,1.23,1.23,-0.16,-11.51%,0.0
2020-11-11,1.6,1.6,1.6,1.6,0.37,+30.08%,0.0
2020-11-12,1.01,1.01,1.01,1.01,-0.59,-36.88%,0.0
2020-11-13,1.26,1.26,1.26,1.26,0.25,+24.75%,0.0
2020-11-16,1.4,1.4,1.4,1.4,0.14,+11.11%,0.0
2020-11-17,1.03,1.03,1.03,1.03,-0.37,-26.43%,0.0
2020-11-18,1.35,1.35,1.35,1.35,0.32,+31.07%,0.0
2020-11-19,1.08,1.08,1.08,1.08,-0.27,-20.00%,0.0
2020-11-20,1.23,1.23,1.23,1.23,0.15,+13.89%,0.0
2020-11-23,0.75,0.75,0.75,0.75,-0.48,-39.02%,0.0
2020-11-24,1.28,1.28,1.28,1.28,0.53,+70.67%,0.0
2020-11-25,1.96,1.96,1.96,1.96,0.68,+53.13%,0.0
2020-11-27,2.63,2.63,2.63,2.63,0.67,+34.18%,0.0
2020-11-30,1.04,1.04,1.04,1.04,-1.59,-60.46%,0.0
2020-12-01,1.69,1.69,1.69,1.69,0.65,+62.50%,0.0
2020-12-02,1.82,1.82,1.82,1.82,0.13,+7.69%,0.0
2020-12-03,1.78,1.78,1.78,1.78,-0.04,-2.20%,0.0
2020-12-04,1.8,1.8,1.8,1.8,0.02,+1.12%,0.0
2020-12-07,2.92,2.92,2.92,2.92,1.12,+62.22%,0.0
2020-12-08,3.84,3.84,3.84,3.84,0.92,+31.51%,0.0
2020-12-09,1.67,1.67,1.67,1.67,-2.17,-56.51%,0.0
2020-12-10,1.84,1.84,1.84,1.84,0.17,+10.18%,0.0
2020-12-11,2.42,2.42,2.42,2.42,0.58,+31.52%,0.0
2020-12-14,2.66,2.66,2.66,2.66,0.24,+9.92%,0.0
2020-12-15,2.55,2.55,2.55,2.55,-0.11,-4.14%,0.0
2020-12-16,3.13,3.13,3.13,3.13,0.58,+22.75%,0.0
2020-12-17,1.78,1.78,1.78,1.78,-1.35,-43.13%,0.0
2020-12-18,1.78,1.78,1.78,1.78,0.0,0.00%,0.0
2020-12-21,1.34,1.34,1.34,1.34,-0.44,-24.72%,0.0
2020-12-22,0.99,0.99,0.99,0.99,-0.35,-26.12%,0.0
2020-12-23,2.12,2.12,2.12,2.12,1.13,+114.14%,0.0
2020-12-24,1.68,1.68,1.68,1.68,-0.44,-20.75%,0.0
2020-12-28,2.43,2.43,2.43,2.43,0.75,+44.64%,0.0
2020-12-29,1.77,1.77,1.77,1.77,-0.66,-27.16%,0.0
2020-12-30,3.06,3.06,3.06,3.06,1.29,+72.88%,0.0
2020-12-31,2.6,2.6,2.6,2.6,-0.46,-15.03%,0.0
2021-01-04,2.5,2.5,2.5,2.5,-0.1,-3.85%,0.0
2021-01-05,2.05,2.05,2.05,2.05,-0.45,-18.00%,0.0
2021-01-06,1.31,1.31,1.31,1.31,-0.74,-36.10%,0.0
2021-01-07,1.2,1.2,1.2,1.2,-0.11,-8.40%,0.0
2021-01-08,1.18,1.18,1.18,1.18,-0.02,-1.67%,0.0
2021-01-11,1.02,1.02,1.02,1.02,-0.16,-13.56%,0.0
2021-01-12,0.9,0.9,0.9,0.9,-0.12,-11.76%,0.0
2021-01-13,1.22,1.22,1.22,1.22,0.32,+35.56%,0.0
2021-01-14,1.6,1.6,1.6,1.6,0.38,+31.15%,0.0
2021-01-15,1.28,1.28,1.28,1.28,-0.32,-20.00%,0.0
2021-01-19,1.64,1.64,1.64,1.64,0.36,+28.13%,0.0
2021-01-20,0.91,0.91,0.91,0.91,-0.73,-44.51%,0.0
2021-01-21,1.37,1.37,1.37,1.37,0.46,+50.55%,0.0
2021-01-22,1.55,1.55,1.55,1.55,0.18,+13.14%,0.0
2021-01-25,1.13,1.13,1.13,1.13,-0.42,-27.10%,0.0
2021-01-26,2.04,2.04,2.04,2.04,0.91,+80.53%,0.0
2021-01-27,1.74,1.74,1.74,1.74,-0.3,-14.71%,0.0
2021-01-28,1.35,1.35,1.35,1.35,-0.39,-22.41%,0.0
2021-01-29,1.3,1.3,1.3,1.3,-0.05,-3.70%,0.0
2021-02-01,1.22,1.22,1.22,1.22,-0.08,-6.15%,0.0
2021-02-02,2.24,2.24,2.24,2.24,1.02,+83.61%,0.0
2021-02-03,1.85,1.85,1.85,1.85,-0.39,-17.41%,0.0
2021-02-04,0.96,0.96,0.96,0.96,-0.89,-48.11%,0.0
2021-02-05,1.12,1.12,1.12,1.12,0.16,+16.67%,0.0
2021-02-08,1.42,1.42,1.42,1.42,0.3,+26.79%,0.0
2021-02-09,2.18,2.18,2.18,2.18,0.76,+53.52%,0.0
2021-02-10,2.2,2.2,2.2,2.2,0.02,+0.92%,0.0
2021-02-11,1.99,1.99,1.99,1.99,-0.21,-9.55%,0.0
2021-02-12,1.27,1.27,1.27,1.27,-0.72,-36.18%,0.0
2021-02-16,1.65,1.65,1.65,1.65,0.38,+29.92%,0.0
2021-02-17,0.93,0.93,0.93,0.93,-0.72,-43.64%,0.0
2021-02-18,2.59,2.59,2.59,2.59,1.66,+178.49%,0.0
2021-02-19,1.14,1.14,1.14,1.14,-1.45,-55.98%,0.0
2021-02-22,1.82,1.82,1.82,1.82,0.68,+59.65%,0.0
2021-02-23,1.17,1.17,1.17,1.17,-0.65,-35.71%,0.0
2021-02-24,1.27,1.27,1.27,1.27,0.1,+8.55%,0.0
2021-02-25,1.14,1.14,1.14,1.14,-0.13,-10.24%,0.0
2021-02-26,1.37,1.37,1.37,1.37,0.23,+20.18%,0.0
2021-03-01,1.16,1.16,1.16,1.16,-0.21,-15.33%,0.0
2021-03-02,2.29,2.29,2.29,2.29,1.13,+97.41%,0.0
2021-03-03,1.44,1.44,1.44,1.44,-0.85,-37.12%,0.0
2021-03-04,1.31,1.31,1.31,1.31,-0.13,-9.03%,0.0
2021-03-05,1.41,1.41,1.41,1.41,0.1,+7.63%,0.0
2021-03-08,2.03,2.03,2.03,2.03,0.62,+43.97%,0.0
2021-03-09,1.39,1.39,1.39,1.39,-0.64,-31.53%,0.0
2021-03-10,1.04,1.04,1.04,1.04,-0.35,-25.18%,0.0
2021-03-11,1.38,1.38,1.38,1.38,0.34,+32.69%,0.0
2021-03-12,1.14,1.14,1.14,1.14,-0.24,-17.39%,0.0
2021-03-15,1.16,1.16,1.16,1.16,0.02,+1.75%,0.0
2021-03-16,1.24,1.24,1.24,1.24,0.08,+6.90%,0.0
2021-03-17,1.33,1.33,1.33,1.33,0.09,+7.26%,0.0
2021-03-18,1.37,1.37,1.37,1.37,0.04,+3.01%,0.0
2021-03-19,1.75,1.75,1.75,1.75,0.38,+27.74%,0.0
2021-03-22,1.23,1.23,1.23,1.23,-0.52,-29.71%,0.0
2021-03-23,1.24,1.24,1.24,1.24,0.01,+0.81%,0.0
2021-03-24,1.66,1.66,1.66,1.66,0.42,+33.87%,0.0
2021-03-25,1.13,1.13,1.13,1.13,-0.53,-31.93%,0.0
2021-03-26,1.38,1.38,1.38,1.38,0.25,+22.12%,0.0
2021-03-29,1.47,1.47,1.47,1.47,0.09,+6.52%,0.0
2021-03-30,1.71,1.71,1.71,1.71,0.24,+16.33%,0.0
2021-03-31,1.34,1.34,1.34,1.34,-0.37,-21.64%,0.0
2021-04-01,1.87,1.87,1.87,1.87,0.53,+39.55%,0.0
2021-04-05,0.78,0.78,0.78,0.78,-1.09,-58.29%,0.0
2021-04-06,1.43,1.43,1.43,1.43,0.65,+83.33%,0.0
2021-04-07,1.31,1.31,1.31,1.31,-0.12,-8.39%,0.0
2021-04-08,1.96,1.96,1.96,1.96,0.65,+49.62%,0.0
2021-04-09,1.37,1.37,1.37,1.37,-0.59,-30.10%,0.0
2021-04-12,1.55,1.55,1.55,1.55,0.18,+13.14%,0.0
2021-04-13,1.27,1.27,1.27,1.27,-0.28,-18.06%,0.0
2021-04-14,1.2,1.2,1.2,1.2,-0.07,-5.51%,0.0
2021-04-15,1.46,1.46,1.46,1.46,0.26,+21.67%,0.0
2021-04-16,1.09,1.09,1.09,1.09,-0.37,-25.34%,0.0
2021-04-19,2.05,2.05,2.05,2.05,0.96,+88.07%,0.0
2021-04-20,1.65,1.65,1.65,1.65,-0.4,-19.51%,0.0
2021-04-21,0.72,0.72,0.72,0.72,-0.93,-56.36%,0.0
2021-04-22,1.24,1.24,1.24,1.24,0.52,+72.22%,0.0
2021-04-23,1.74,1.74,1.74,1.74,0.5,+40.32%,0.0
2021-04-26,2.04,2.04,2.04,2.04,0.3,+17.24%,0.0
2021-04-27,1.76,1.76,1.76,1.76,-0.28,-13.73%,0.0
2021-04-28,1.79,1.79,1.79,1.79,0.03,+1.70%,0.0
2021-04-29,1.6,1.6,1.6,1.6,-0.19,-10.61%,0.0
2021-04-30,0.8,0.8,0.8,0.8,-0.8,-50.00%,0.0
2021-05-03,1.88,1.88,1.88,1.88,1.08,+135.00%,0.0
2021-05-04,1.76,1.76,1.76,1.76,-0.12,-6.38%,0.0
2021-05-05,2.5,2.5,2.5,2.5,0.74,+42.05%,0.0
2021-05-06,1.94,1.94,1.94,1.94,-0.56,-22.40%,0.0
2021-05-07,1.5,1.5,1.5,1.5,-0.44,-22.68%,0.0
2021-05-10,1.72,1.72,1.72,1.72,0.22,+14.67%,0.0
2021-05-11,1.92,1.92,1.92,1.92,0.2,+11.63%,0.0
2021-05-12,1.43,1.43,1.43,1.43,-0.49,-25.52%,0.0
2021-05-13,2.7,2.7,2.7,2.7,1.27,+88.81%,0.0
2021-05-14,1.6,1.6,1.6,1.6,-1.1,-40.74%,0.0
2021-05-17,2.12,2.12,2.12,2.12,0.52,+32.50%,0.0
2021-05-18,2.27,2.27,2.27,2.27,0.15,+7.08%,0.0
2021-05-19,1.57,1.57,1.57,1.57,-0.7,-30.84%,0.0
2021-05-20,1.62,1.62,1.62,1.62,0.05,+3.18%,0.0
2021-05-21,1.72,1.72,1.72,1.72,0.1,+6.17%,0.0
2021-05-24,1.55,1.55,1.55,1.55,-0.17,-9.88%,0.0
2021-05-25,1.57,1.57,1.57,1.57,0.02,+1.29%,0.0
2021-05-26,2.08,2.08,2.08,2.08,0.51,+32.48%,0.0
2021-05-27,1.89,1.89,1.89,1.89,-0.19,-9.13%,0.0
2021-05-28,2.73,2.73,2.73,2.73,0.84,+44.44%,0.0
2021-06-01,1.74,1.74,1.74,1.74,-0.99,-36.26%,0.0
2021-06-02,2.04,2.04,2.04,2.04,0.3,+17.24%,0.0
2021-06-03,2.16,2.16,2.16,2.16,0.12,+5.88%,0.0
2021-06-04,1.87,1.87,1.87,1.87,-0.29,-13.43%,0.0
2021-06-07,2.13,2.13,2.13,2.13,0.26,+13.90%,0.0
2021-06-08,1.36,1.36,1.36,1.36,-0.77,-36.15%,0.0
2021-06-09,1.18,1.18,1.18,1.18,-0.18,-13.24%,0.0
2021-06-10,1.24,1.24,1.24,1.24,0.06,+5.08%,0.0
2021-06-11,1.08,1.08,1.08,1.08,-0.16,-12.90%,0.0
2021-06-14,2.3,2.3,2.3,2.3,1.22,+112.96%,0.0
2021-06-15,1.64,1.64,1.64,1.64,-0.66,-28.70%,0.0
2021-06-16,1.35,1.35,1.35,1.35,-0.29,-17.68%,0.0
2021-06-17,1.44,1.44,1.44,1.44,0.09,+6.67%,0.0
2021-06-18,1.45,1.45,1.45,1.45,0.01,+0.69%,0.0
2021-06-21,1.42,1.42,1.42,1.42,-0.03,-2.07%,0.0
2021-06-22,1.36,1.36,1.36,1.36,-0.06,-4.23%,0.0
2021-06-23,1.99,1.99,1.99,1.99,0.63,+46.32%,0.0
2021-06-24,1.82,1.82,1.82,1.82,-0.17,-8.54%,0.0
2021-06-25,1.21,1.21,1.21,1.21,-0.61,-33.52%,0.0
2021-06-28,2.21,2.21,2.21,2.21,1.0,+82.64%,0.0
2021-06-29,1.47,1.47,1.47,1.47,-0.74,-33.48%,0.0
2021-06-30,1.4,1.4,1.4,1.4,-0.07,-4.76%,0.0
2021-07-01,1.91,1.91,1.91,1.91,0.51,+36.43%,0.0
2021-07-02,1.84,1.84,1.84,1.84,-0.07,-3.66%,0.0
2021-07-06,1.91,1.91,1.91,1.91,0.07,+3.80%,0.0
2021-07-07,1.4,1.4,1.4,1.4,-0.51,-26.70%,0.0
2021-07-08,1.25,1.25,1.25,1.25,-0.15,-10.71%,0.0
2021-07-09,1.11,1.11,1.11,1.11,-0.14,-11.20%,0.0
2021-07-12,2.6,2.6,2.6,2.6,1.49,+134.23%,0.0
2021-07-13,1.66,1.66,1.66,1.66,-0.94,-36.15%,0.0
2021-07-14,2.19,2.19,2.19,2.19,0.53,+31.93%,0.0
2021-07-15,1.27,1.27,1.27,1.27,-0.92,-42.01%,0.0
2021-07-16,1.5,1.5,1.5,1.5,0.23,+18.11%,0.0
2021-07-19,0.71,0.71,0.71,0.71,-0.79,-52.67%,0.0
2021-07-20,0.79,0.79,0.79,0.79,0.08,+11.27%,0.0
2021-07-21,1.32,1.32,1.32,1.32,0.53,+67.09%,0.0
2021-07-22,1.55,1.55,1.55,1.55,0.23,+17.42%,0.0
2021-07-23,1.27,1.27,1.27,1.27,-0.28,-18.06%,0.0
2021-07-26,1.9,1.9,1.9,1.9,0.63,+49.61%,0.0
2021-07-27,2.3,2.3,2.3,2.3,0.4,+21.05%,0.0
2021-07-28,1.32,1.32,1.32,1.32,-0.98,-42.61%,0.0
2021-07-29,2.25,2.25,2.25,2.25,0.93,+70.45%,0.0
2021-07-30,2.16,2.16,2.16,2.16,-0.09,-4.00%,0.0
2021-08-02,2.71,2.71,2.71,2.71,0.55,+25.46%,0.0
2021-08-03,1.28,1.28,1.28,1.28,-1.43,-52.77%,0.0
2021-08-04,1.8,1.8,1.8,1.8,0.52,+40.63%,0.0
2021-08-05,2.51,2.51,2.51,2.51,0.71,+39.44%,0.0
2021-08-06,1.61,1.61,1.61,1.61,-0.9,-35.86%,0.0
2021-08-09,1.69,1.69,1.69,1.69,0.08,+4.97%,0.0
2021-08-10,4.04,4.04,4.04,4.04,2.35,+139.05%,0.0
2021-08-11,1.9,1.9,1.9,1.9,-2.14,-52.97%,0.0
2021-08-12,1.84,1.84,1.84,1.84,-0.06,-3.16%,0.0
2021-08-13,1.65,1.65,1.65,1.65,-0.19,-10.33%,0.0
2021-08-16,1.87,1.87,1.87,1.87,0.22,+13.33%,0.0
2021-08-17,1.27,1.27,1.27,1.27,-0.6,-32.09%,0.0
2021-08-18,1.41,1.41,1.41,1.41,0.14,+11.02%,0.0
2021-08-19,1.7,1.7,1.7,1.7,0.29,+20.57%,0.0
2021-08-20,1.39,1.39,1.39,1.39,-0.31,-18.24%,0.0
2021-08-23,2.01,2.01,2.01,2.01,0.62,+44.60%,0.0
2021-08-24,2.13,2.13,2.13,2.13,0.12,+5.97%,0.0
2021-08-25,1.74,1.74,1.74,1.74,-0.39,-18.31%,0.0
2021-08-26,1.72,1.72,1.72,1.72,-0.02,-1.15%,0.0
2021-08-27,1.27,1.27,1.27,1.27,-0.45,-26.16%,0.0
2021-08-30,1.9,1.9,1.9,1.9,0.63,+49.61%,0.0
2021-08-31,2.41,2.41,2.41,2.41,0.51,+26.84%,0.0
2021-09-01,1.74,1.74,1.74,1.74,-0.67,-27.80%,0.0
2021-09-02,1.87,1.87,1.87,1.87,0.13,+7.47%,0.0
2021-09-03,3.03,3.03,3.03,3.03,1.16,+62.03%,0.0
2021-09-07,2.96,2.96,2.96,2.96,-0.07,-2.31%,0.0
2021-09-08,1.06,1.06,1.06,1.06,-1.9,-64.19%,0.0
2021-09-09,1.23,1.23,1.23,1.23,0.17,+16.04%,0.0
2021-09-10,1.56,1.56,1.56,1.56,0.33,+26.83%,0.0
2021-09-13,1.2,1.2,1.2,1.2,-0.36,-23.08%,0.0
2021-09-14,1.97,1.97,1.97,1.97,0.77,+64.17%,0.0
2021-09-15,1.33,1.33,1.33,1.33,-0.64,-32.49%,0.0
2021-09-16,1.09,1.09,1.09,1.09,-0.24,-18.05%,0.0
2021-09-17,1.29,1.29,1.29,1.29,0.2,+18.35%,0.0
2021-09-20,1.52,1.52,1.52,1.52,0.23,+17.83%,0.0
2021-09-21,2.39,2.39,2.39,2.39,0.87,+57.24%,0.0
2021-09-22,1.89,1.89,1.89,1.89,-0.5,-20.92%,0.0
2021-09-23,1.82,1.82,1.82,1.82,-0.07,-3.70%,0.0
2021-09-24,2.08,2.08,2.08,2.08,0.26,+14.29%,0.0
2021-09-27,1.35,1.35,1.35,1.35,-0.73,-35.10%,0.0
2021-09-28,1.41,1.41,1.41,1.41,0.06,+4.44%,0.0
2021-09-29,1.83,1.83,1.83,1.83,0.42,+29.79%,0.0
2021-09-30,1.81,1.81,1.81,1.81,-0.02,-1.09%,0.0
2021-10-01,1.89,1.89,1.89,1.89,0.08,+4.42%,0.0
2021-10-04,1.74,1.74,1.74,1.74,-0.15,-7.94%,0.0
2021-10-05,2.41,2.41,2.41,2.41,0.67,+38.51%,0.0
2021-10-06,2.3,2.3,2.3,2.3,-0.11,-4.56%,0.0
2021-10-07,1.62,1.62,1.62,1.62,-0.68,-29.57%,0.0
2021-10-08,1.52,1.52,1.52,1.52,-0.1,-6.17%,0.0
2021-10-11,1.76,1.76,1.76,1.76,0.24,+15.79%,0.0
2021-10-12,1.87,1.87,1.87,1.87,0.11,+6.25%,0.0
2021-10-13,1.35,1.35,1.35,1.35,-0.52,-27.81%,0.0
2021-10-14,1.54,1.54,1.54,1.54,0.19,+14.07%,0.0
2021-10-15,2.15,2.15,2.15,2.15,0.61,+39.61%,0.0
2021-10-18,1.06,1.06,1.06,1.06,-1.09,-50.70%,0.0
2021-10-19,2.54,2.54,2.54,2.54,1.48,+139.62%,0.0
2021-10-20,1.53,1.53,1.53,1.53,-1.01,-39.76%,0.0
2021-10-21,1.59,1.59,1.59,1.59,0.06,+3.92%,0.0
2021-10-22,1.59,1.59,1.59,1.59,0.0,0.00%,0.0
2021-10-25,1.19,1.19,1.19,1.19,-0.4,-25.16%,0.0
2021-10-26,1.47,1.47,1.47,1.47,0.28,+23.53%,0.0
2021-10-27,1.11,1.11,1.11,1.11,-0.36,-24.49%,0.0
2021-10-28,3.79,3.79,3.79,3.79,2.68,+241.44%,0.0
2021-10-29,1.54,1.54,1.54,1.54,-2.25,-59.37%,0.0
2021-11-01,1.28,1.28,1.28,1.28,-0.26,-16.88%,0.0
2021-11-02,1.6,1.6,1.6,1.6,0.32,+25.00%,0.0
2021-11-03,1.7,1.7,1.7,1.7,0.1,+6.25%,0.0
2021-11-04,1.46,1.46,1.46,1.46,-0.24,-14.12%,0.0
2021-11-05,1.58,1.58,1.58,1.58,0.12,+8.22%,0.0
2021-11-08,2.16,2.16,2.16,2.16,0.58,+36.71%,0.0
2021-11-09,1.75,1.75,1.74,1.74,-0.42,-19.44%,0.0
2021-11-10,1.56,1.56,1.56,1.56,-0.18,-10.34%,0.0
2021-11-11,2.3,2.31,2.3,2.31,0.75,+48.08%,0.0
2021-11-12,2.65,2.65,2.65,2.65,0.34,+14.72%,0.0
2021-11-15,2.18,2.18,2.18,2.18,-0.47,-17.74%,0.0
2021-11-16,1.63,1.63,1.63,1.63,-0.55,-25.23%,0.0
2021-11-17,2.01,2.01,2.01,2.01,0.38,+23.31%,0.0
2021-11-18,1.38,1.38,1.38,1.38,-0.63,-31.34%,0.0
2021-11-19,1.24,1.24,1.23,1.23,-0.15,-10.87%,0.0
2021-11-22,1.48,1.48,1.48,1.48,0.25,+20.33%,0.0
2021-11-23,2.31,2.32,2.31,2.32,0.84,+56.76%,0.0
2021-11-24,1.42,1.42,1.42,1.42,-0.9,-38.79%,0.0
2021-11-26,1.24,1.24,1.24,1.24,-0.18,-12.68%,0.0
2021-11-29,1.5,1.5,1.5,1.5,0.26,+20.97%,0.0
2021-11-30,1.35,1.35,1.35,1.35,-0.15,-10.00%,0.0
2021-12-01,1.63,1.63,1.63,1.63,0.28,+20.74%,0.0
2021-12-02,2.33,2.33,2.33,2.33,0.7,+42.94%,0.0
2021-12-03,1.34,1.36,1.34,1.36,-0.97,-41.63%,0.0
2021-12-06,2.38,2.38,2.38,2.38,1.02,+75.00%,0.0
2021-12-07,2.42,2.42,2.42,2.42,0.04,+1.68%,0.0
2021-12-08,1.61,1.61,1.61,1.61,-0.81,-33.47%,0.0
2021-12-09,2.01,2.01,2.01,2.01,0.4,+24.84%,0.0
2021-12-10,2.39,2.39,2.39,2.39,0.38,+18.91%,0.0
2021-12-13,1.48,1.49,1.48,1.49,-0.9,-37.66%,0.0
2021-12-14,1.76,1.76,1.76,1.76,0.27,+18.12%,0.0
2021-12-15,1.9,1.91,1.9,1.91,0.15,+8.52%,0.0
2021-12-16,1.38,1.39,1.38,1.39,-0.52,-27.23%,0.0
2021-12-17,1.47,1.47,1.47,1.47,0.08,+5.76%,0.0
2021-12-20,1.76,1.76,1.75,1.75,0.28,+19.05%,0.0
2021-12-21,1.44,1.44,1.43,1.43,-0.32,-18.29%,0.0
2021-12-22,1.65,1.65,1.65,1.65,0.22,+15.38%,0.0
2021-12-23,1.49,1.49,1.49,1.49,-0.16,-9.70%,0.0
2021-12-27,1.95,1.95,1.95,1.95,0.46,+30.87%,0.0
2021-12-28,2.02,2.02,2.02,2.02,0.07,+3.59%,0.0
2021-12-29,1.76,1.76,1.76,1.76,-0.26,-12.87%,0.0
2021-12-30,1.48,1.48,1.48,1.48,-0.28,-15.91%,0.0
2021-12-31,3.79,3.79,3.79,3.79,2.31,+156.08%,0.0
2022-01-03,2.55,2.55,2.54,2.54,-1.25,-32.98%,0.0
2022-01-04,1.83,1.84,1.83,1.84,-0.7,-27.56%,0.0
2022-01-05,2.11,2.11,2.11,2.11,0.27,+14.67%,0.0
2022-01-06,1.82,1.83,1.82,1.83,-0.28,-13.27%,0.0
2022-01-07,1.61,1.62,1.61,1.62,-0.21,-11.48%,0.0
2022-01-10,2.19,2.19,2.19,2.19,0.57,+35.19%,0.0
2022-01-11,1.85,1.85,1.85,1.85,-0.34,-15.53%,0.0
2022-01-12,1.76,1.76,1.76,1.76,-0.09,-4.86%,0.0
2022-01-13,1.12,1.12,1.12,1.12,-0.64,-36.36%,0.0
2022-01-14,1.68,1.68,1.68,1.68,0.56,+50.00%,0.0
2022-01-18,1.81,1.81,1.8,1.8,0.12,+7.14%,0.0
2022-01-19,1.98,1.98,1.98,1.98,0.18,+10.00%,0.0
2022-01-20,1.47,1.47,1.46,1.46,-0.52,-26.26%,0.0
2022-01-21,1.07,1.07,1.07,1.07,-0.39,-26.71%,0.0
2022-01-24,1.06,1.06,1.06,1.06,-0.01,-0.93%,0.0
2022-01-25,1.39,1.4,1.39,1.4,0.34,+32.08%,0.0
2022-01-26,0.81,0.81,0.81,0.81,-0.59,-42.14%,0.0
2022-01-27,0.82,0.82,0.82,0.82,0.01,+1.23%,0.0
2022-01-28,0.65,0.65,0.65,0.65,-0.17,-20.73%,0.0
2022-01-31,1.96,1.96,1.96,1.96,1.31,+201.54%,0.0
2022-02-01,1.58,1.58,1.58,1.58,-0.38,-19.39%,0.0
2022-02-02,1.81,1.81,1.79,1.79,0.21,+13.29%,0.0
2022-02-03,1.99,1.99,1.99,1.99,0.2,+11.17%,0.0
2022-02-04,1.48,1.48,1.48,1.48,-0.51,-25.63%,0.0
2022-02-07,2.34,2.35,2.34,2.35,0.87,+58.78%,0.0
2022-02-08,2.31,2.31,2.31,2.31,-0.04,-1.70%,0.0
2022-02-09,2.41,2.41,2.4,2.4,0.09,+3.90%,0.0
2022-02-10,1.49,1.5,1.49,1.5,-0.9,-37.50%,0.0
2022-02-11,1.05,1.05,1.05,1.05,-0.45,-30.00%,0.0
2022-02-14,2.13,2.13,2.13,2.13,1.08,+102.86%,0.0
2022-02-15,1.93,1.93,1.92,1.92,-0.21,-9.86%,0.0
2022-02-16,1.49,1.49,1.47,1.47,-0.45,-23.44%,0.0
2022-02-17,1.45,1.45,1.45,1.45,-0.02,-1.36%,0.0
2022-02-18,1.12,1.32,1.12,1.32,-0.13,-8.97%,0.0
2022-02-22,1.52,1.52,1.52,1.52,0.2,+15.15%,0.0
2022-02-23,1.34,1.35,1.34,1.35,-0.17,-11.18%,0.0
2022-02-24,1.34,1.34,1.34,1.34,-0.01,-0.74%,0.0
2022-02-25,2.3,2.3,2.3,2.3,0.96,+71.64%,0.0
2022-02-28,1.12,1.12,1.1,1.1,-1.2,-52.17%,0.0
2022-03-01,1.13,1.13,1.13,1.13,0.03,+2.73%,0.0
2022-03-02,1.8,1.8,1.8,1.8,0.67,+59.29%,0.0
2022-03-03,1.27,1.27,1.27,1.27,-0.53,-29.44%,0.0
2022-03-04,1.37,1.37,1.36,1.36,0.09,+7.09%,0.0
2022-03-07,1.66,1.66,1.66,1.66,0.3,+22.06%,0.0
2022-03-08,1.3,1.3,1.3,1.3,-0.36,-21.69%,0.0
2022-03-09,1.67,1.68,1.67,1.68,0.38,+29.23%,0.0
2022-03-10,1.35,1.35,1.33,1.33,-0.35,-20.83%,0.0
2022-03-11,1.27,1.27,1.27,1.27,-0.06,-4.51%,0.0
2022-03-14,1.73,1.73,1.73,1.73,0.46,+36.22%,0.0
2022-03-15,1.85,1.85,1.84,1.84,0.11,+6.36%,0.0
2022-03-16,1.85,1.85,1.85,1.85,0.01,+0.54%,0.0
2022-03-17,1.32,1.32,1.32,1.32,-0.53,-28.65%,0.0
2022-03-18,1.01,1.01,1.01,1.01,-0.31,-23.48%,0.0
2022-03-21,1.84,1.84,1.83,1.83,0.82,+81.19%,0.0
2022-03-22,1.83,1.83,1.83,1.83,0.0,0.00%,0.0
2022-03-23,1.61,1.61,1.6,1.6,-0.23,-12.57%,0.0
2022-03-24,1.12,1.12,1.12,1.12,-0.48,-30.00%,0.0
2022-03-25,1.71,1.73,1.71,1.73,0.61,+54.46%,0.0
2022-03-28,1.37,1.37,1.37,1.37,-0.36,-20.81%,0.0
2022-03-29,1.2,1.21,1.2,1.21,-0.16,-11.68%,0.0
2022-03-30,0.74,0.74,0.74,0.74,-0.47,-38.84%,0.0
2022-03-31,0.91,0.91,0.9,0.9,0.16,+21.62%,0.0
2022-04-01,0.9,0.9,0.9,0.9,0.0,0.00%,0.0
2022-04-04,1.39,1.39,1.38,1.38,0.48,+53.33%,0.0
2022-04-05,1.23,1.23,1.22,1.22,-0.16,-11.59%,0.0
2022-04-06,1.57,1.57,1.56,1.56,0.34,+27.87%,0.0
2022-04-07,1.18,1.18,1.18,1.18,-0.38,-24.36%,0.0
2022-04-08,2.14,2.15,2.14,2.15,0.97,+82.20%,0.0
2022-04-11,1.36,1.36,1.34,1.34,-0.81,-37.67%,0.0
2022-04-12,2.04,2.04,2.04,2.04,0.7,+52.24%,0.0
2022-04-13,1.57,1.57,1.57,1.57,-0.47,-23.04%,0.0
2022-04-14,1.45,1.45,1.45,1.45,-0.12,-7.64%,0.0
2022-04-18,1.67,1.67,1.66,1.66,0.21,+14.48%,0.0
2022-04-19,1.48,1.48,1.48,1.48,-0.18,-10.84%,0.0
2022-04-20,1.02,1.02,1.02,1.02,-0.46,-31.08%,0.0
2022-04-21,1.53,1.53,1.53,1.53,0.51,+50.00%,0.0
2022-04-22,2.06,2.06,2.05,2.05,0.52,+33.99%,0.0
2022-04-25,0.91,0.91,0.91,0.91,-1.14,-55.61%,0.0
2022-04-26,0.84,0.84,0.84,0.84,-0.07,-7.69%,0.0
2022-04-27,1.06,1.06,1.06,1.06,0.22,+26.19%,0.0
2022-04-28,1.39,1.4,1.39,1.4,0.34,+32.08%,0.0
2022-04-29,1.12,1.12,1.11,1.11,-0.29,-20.71%,0.0
2022-05-02,1.73,1.74,1.73,1.74,0.63,+56.76%,0.0
2022-05-03,1.27,1.27,1.27,1.27,-0.47,-27.01%,0.0
2022-05-04,1.06,1.06,1.06,1.06,-0.21,-16.54%,0.0
2022-05-05,1.02,1.03,1.02,1.03,-0.03,-2.83%,0.0
2022-05-06,1.43,1.43,1.43,1.43,0.4,+38.83%,0.0
2022-05-09,1.49,1.49,1.48,1.48,0.05,+3.50%,0.0
2022-05-10,1.31,1.31,1.31,1.31,-0.17,-11.49%,0.0
2022-05-11,0.79,0.79,0.78,0.78,-0.53,-40.46%,0.0
2022-05-12,0.82,0.82,0.82,0.82,0.04,+5.13%,0.0
2022-05-13,0.82,0.82,0.82,0.82,0.0,0.00%,0.0
2022-05-16,0.88,0.88,0.88,0.88,0.06,+7.32%,0.0
2022-05-17,1.29,1.29,1.29,1.29,0.41,+46.59%,0.0
2022-05-18,1.27,1.27,1.26,1.26,-0.03,-2.33%,0.0
2022-05-19,0.78,0.78,0.78,0.78,-0.48,-38.10%,0.0
2022-05-20,1.03,1.03,1.02,1.02,0.24,+30.77%,0.0
2022-05-23,0.62,0.62,0.62,0.62,-0.4,-39.22%,0.0
2022-05-24,0.93,0.93,0.93,0.93,0.31,+50.00%,0.0
2022-05-25,1.32,1.32,1.32,1.32,0.39,+41.94%,0.0
2022-05-26,2.91,2.91,2.9,2.9,1.58,+119.70%,0.0
2022-05-27,1.36,1.36,1.36,1.36,-1.54,-53.10%,0.0
2022-05-31,0.94,0.94,0.94,0.94,-0.42,-30.88%,0.0
2022-06-01,1.06,1.07,1.06,1.07,0.13,+13.83%,0.0
2022-06-02,1.15,1.15,1.15,1.15,0.08,+7.48%,0.0
2022-06-03,1.37,1.37,1.36,1.36,0.21,+18.26%,0.0
2022-06-06,2.0,2.01,2.0,2.01,0.65,+47.79%,0.0
2022-06-07,1.08,1.09,1.08,1.09,-0.92,-45.77%,0.0
2022-06-08,1.21,1.22,1.21,1.22,0.13,+11.93%,0.0
2022-06-09,1.71,1.72,1.71,1.72,0.5,+40.98%,0.0
2022-06-10,1.99,1.99,1.99,1.99,0.27,+15.70%,0.0
2022-06-13,2.31,2.32,2.31,2.32,0.33,+16.58%,0.0
2022-06-14,2.1,2.11,2.1,2.11,-0.21,-9.05%,0.0
2022-06-15,1.9,1.92,1.9,1.92,-0.19,-9.00%,0.0
2022-06-16,1.23,1.23,1.22,1.22,-0.7,-36.46%,0.0
2022-06-17,1.28,1.28,1.28,1.28,0.06,+4.92%,0.0
2022-06-21,1.69,1.69,1.69,1.69,0.41,+32.03%,0.0
2022-06-22,1.01,1.01,0.98,0.98,-0.71,-42.01%,0.0
2022-06-23,1.16,1.17,1.16,1.17,0.19,+19.39%,0.0
2022-06-24,1.31,1.54,1.31,1.54,0.37,+31.62%,0.0
2022-06-27,2.71,2.71,2.71,2.71,1.17,+75.97%,0.0
2022-06-28,1.32,1.32,1.32,1.32,-1.39,-51.29%,0.0
2022-06-29,0.78,0.78,0.78,0.78,-0.54,-40.91%,0.0
2022-06-30,1.14,1.14,1.14,1.14,0.36,+46.15%,0.0
2022-07-01,1.02,1.02,1.01,1.01,-0.13,-11.40%,0.0
2022-07-05,1.33,1.33,1.33,1.33,0.32,+31.68%,0.0
2022-07-06,1.38,1.38,1.38,1.38,0.05,+3.76%,0.0
2022-07-07,1.08,1.08,1.07,1.07,-0.31,-22.46%,0.0
2022-07-08,1.21,1.21,1.21,1.21,0.14,+13.08%,0.0
2022-07-11,1.07,1.07,1.06,1.06,-0.15,-12.40%,0.0
2022-07-12,1.02,1.02,1.02,1.02,-0.04,-3.77%,0.0
2022-07-13,0.85,0.85,0.84,0.84,-0.18,-17.65%,0.0
2022-07-14,1.11,1.11,1.11,1.11,0.27,+32.14%,0.0
2022-07-15,1.21,1.21,1.21,1.21,0.1,+9.01%,0.0
2022-07-18,0.86,0.95,0.86,0.95,-0.26,-21.49%,0.0
2022-07-19,1.04,1.04,1.04,1.04,0.09,+9.47%,0.0
2022-07-20,1.3,1.3,1.29,1.29,0.25,+24.04%,0.0
2022-07-21,1.0,1.0,1.0,1.0,-0.29,-22.48%,0.0
2022-07-22,0.82,0.83,0.82,0.83,-0.17,-17.00%,0.0
2022-07-25,1.2,1.2,1.2,1.2,0.37,+44.58%,0.0
2022-07-26,1.1,1.11,1.1,1.11,-0.09,-7.50%,0.0
2022-07-27,1.21,1.21,1.2,1.2,0.09,+8.11%,0.0
2022-07-28,1.27,1.28,1.27,1.28,0.08,+6.67%,0.0
2022-07-29,1.05,1.05,1.05,1.05,-0.23,-17.97%,0.0
2022-08-01,0.87,0.87,0.86,0.86,-0.19,-18.10%,0.0
2022-08-02,1.0,1.0,1.0,1.0,0.14,+16.28%,0.0
2022-08-03,0.76,0.76,0.74,0.74,-0.26,-26.00%,0.0
2022-08-04,0.8,0.81,0.8,0.81,0.07,+9.46%,0.0
2022-08-05,1.03,1.04,1.03,1.04,0.23,+28.40%,0.0
2022-08-08,0.97,0.98,0.97,0.98,-0.06,-5.77%,0.0
2022-08-09,1.31,1.31,1.31,1.31,0.33,+33.67%,0.0
2022-08-10,1.46,1.46,1.45,1.45,0.14,+10.69%,0.0
2022-08-11,1.09,1.09,1.09,1.09,-0.36,-24.83%,0.0
2022-08-12,1.14,1.14,1.13,1.13,0.04,+3.67%,0.0
2022-08-15,0.91,0.91,0.89,0.89,-0.24,-21.24%,0.0
2022-08-16,0.77,0.78,0.77,0.78,-0.11,-12.36%,0.0
2022-08-17,1.39,1.39,1.39,1.39,0.61,+78.21%,0.0
2022-08-18,0.7,0.7,0.7,0.7,-0.69,-49.64%,0.0
2022-08-19,1.25,1.26,1.25,1.26,0.56,+80.00%,0.0
2022-08-22,1.56,1.57,1.56,1.57,0.31,+24.60%,0.0
2022-08-23,1.02,1.02,1.01,1.01,-0.56,-35.67%,0.0
2022-08-24,1.29,1.3,1.29,1.3,0.29,+28.71%,0.0
2022-08-25,0.83,0.84,0.83,0.84,-0.46,-35.38%,0.0
2022-08-26,1.51,1.51,1.51,1.51,0.67,+79.76%,0.0
2022-08-29,1.37,1.37,1.37,1.37,-0.14,-9.27%,0.0
2022-08-30,1.46,1.47,1.46,1.47,0.1,+7.30%,0.0
2022-08-31,0.85,0.85,0.84,0.84,-0.63,-42.86%,0.0
2022-09-01,1.27,1.27,1.27,1.27,0.43,+51.19%,0.0
2022-09-02,0.89,0.89,0.88,0.88,-0.39,-30.71%,0.0
2022-09-06,0.9,0.91,0.9,0.91,0.03,+3.41%,0.0
2022-09-07,0.69,0.69,0.69,0.69,-0.22,-24.18%,0.0
2022-09-08,1.28,1.28,1.28,1.28,0.59,+85.51%,0.0
2022-09-09,1.07,1.08,1.07,1.08,-0.2,-15.63%,0.0
2022-09-12,0.7,0.7,0.7,0.7,-0.38,-35.19%,0.0
2022-09-13,1.37,1.37,1.36,1.36,0.66,+94.29%,0.0
2022-09-14,1.41,1.41,1.41,1.41,0.05,+3.68%,0.0
2022-09-15,0.98,0.98,0.97,0.97,-0.44,-31.21%,0.0
2022-09-16,1.18,1.19,1.18,1.19,0.22,+22.68%,0.0
2022-09-19,1.45,1.45,1.45,1.45,0.26,+21.85%,0.0
2022-09-20,1.46,1.47,1.46,1.47,0.02,+1.38%,0.0
2022-09-21,0.77,0.77,0.77,0.77,-0.7,-47.62%,0.0
2022-09-22,1.38,1.39,1.38,1.39,0.62,+80.52%,0.0
2022-09-23,0.92,0.92,0.92,0.92,-0.47,-33.81%,0.0
2022-09-26,0.84,0.84,0.82,0.82,-0.1,-10.87%,0.0
2022-09-27,1.16,1.16,1.16,1.16,0.34,+41.46%,0.0
2022-09-28,0.73,0.73,0.73,0.73,-0.43,-37.07%,0.0
2022-09-29,1.09,1.09,1.09,1.09,0.36,+49.32%,0.0
2022-09-30,1.08,1.08,1.08,1.08,-0.01,-0.92%,0.0
2022-10-03,0.9,0.91,0.9,0.91,-0.17,-15.74%,0.0
2022-10-04,1.02,1.02,1.02,1.02,0.11,+12.09%,0.0
2022-10-05,1.18,1.18,1.18,1.18,0.16,+15.69%,0.0
2022-10-06,1.06,1.06,1.06,1.06,-0.12,-10.17%,0.0
2022-10-07,0.91,0.91,0.9,0.9,-0.16,-15.09%,0.0
2022-10-10,1.93,1.93,1.93,1.93,1.03,+114.44%,0.0
2022-10-11,1.14,1.16,1.14,1.16,-0.77,-39.90%,0.0
2022-10-12,0.79,0.82,0.79,0.82,-0.34,-29.31%,0.0
2022-10-13,0.82,0.83,0.82,0.83,0.01,+1.22%,0.0
2022-10-14,1.41,1.42,1.41,1.42,0.59,+71.08%,0.0
2022-10-17,1.39,1.41,1.39,1.41,-0.01,-0.70%,0.0
2022-10-18,1.03,1.03,1.02,1.02,-0.39,-27.66%,0.0
2022-10-19,1.22,1.22,1.22,1.22,0.2,+19.61%,0.0
2022-10-20,1.76,1.76,1.76,1.76,0.54,+44.26%,0.0
2022-10-21,1.57,1.57,1.57,1.57,-0.19,-10.80%,0.0
2022-10-24,1.27,1.27,1.27,1.27,-0.3,-19.11%,0.0
2022-10-25,0.91,0.92,0.91,0.92,-0.35,-27.56%,0.0
2022-10-26,1.04,1.04,1.04,1.04,0.12,+13.04%,0.0
2022-10-27,0.8,0.8,0.8,0.8,-0.24,-23.08%,0.0
2022-10-28,1.11,1.11,1.11,1.11,0.31,+38.75%,0.0
2022-10-31,0.68,0.69,0.68,0.69,-0.42,-37.84%,0.0
2022-11-01,1.45,1.46,1.45,1.46,0.77,+111.59%,0.0
2022-11-02,1.37,1.38,1.37,1.38,-0.08,-5.48%,0.0
2022-11-03,0.95,0.96,0.95,0.96,-0.42,-30.43%,0.0
2022-11-04,0.54,0.54,0.54,0.54,-0.42,-43.75%,0.0
2022-11-07,0.74,0.74,0.74,0.74,0.2,+37.04%,0.0
2022-11-08,0.64,0.64,0.64,0.64,-0.1,-13.51%,0.0
2022-11-09,0.61,0.62,0.61,0.62,-0.02,-3.13%,0.0
2022-11-10,0.82,0.83,0.82,0.83,0.21,+33.87%,0.0
2022-11-11,0.95,0.95,0.95,0.95,0.12,+14.46%,0.0
2022-11-14,0.76,0.76,0.76,0.76,-0.19,-20.00%,0.0
2022-11-15,0.51,0.51,0.51,0.51,-0.25,-32.89%,0.0
2022-11-16,0.84,0.84,0.84,0.84,0.33,+64.71%,0.0
2022-11-17,0.92,0.94,0.92,0.94,0.1,+11.90%,0.0
2022-11-18,1.05,1.06,1.05,1.06,0.12,+12.77%,0.0
2022-11-21,0.91,0.92,0.91,0.92,-0.14,-13.21%,0.0
2022-11-22,0.64,0.64,0.64,0.64,-0.28,-30.43%,0.0
2022-11-23,1.11,1.11,1.11,1.11,0.47,+73.44%,0.0
2022-11-25,1.17,1.17,1.16,1.16,0.05,+4.50%,0.0
2022-11-28,1.28,1.28,1.28,1.28,0.12,+10.34%,0.0
2022-11-29,1.82,1.82,1.81,1.81,0.53,+41.41%,0.0
2022-11-30,1.1,1.1,1.09,1.09,-0.72,-39.78%,0.0
2022-12-01,1.92,1.93,1.92,1.93,0.84,+77.06%,0.0
2022-12-02,1.63,1.64,1.63,1.64,-0.29,-15.03%,0.0
2022-12-05,2.1,2.1,2.1,2.1,0.46,+28.05%,0.0
2022-12-06,1.84,1.84,1.83,1.83,-0.27,-12.86%,0.0
2022-12-07,2.29,2.29,2.28,2.28,0.45,+24.59%,0.0
2022-12-08,1.63,1.63,1.62,1.62,-0.66,-28.95%,0.0
2022-12-09,1.34,1.34,1.34,1.34,-0.28,-17.28%,0.0
2022-12-12,0.95,0.96,0.95,0.96,-0.38,-28.36%,0.0
2022-12-13,1.61,1.62,1.61,1.62,0.66,+68.75%,0.0
2022-12-14,0.97,0.97,0.97,0.97,-0.65,-40.12%,0.0
2022-12-15,1.52,1.52,1.52,1.52,0.55,+56.70%,0.0
2022-12-16,1.02,1.02,1.01,1.01,-0.51,-33.55%,0.0
2022-12-19,1.62,1.62,1.62,1.62,0.61,+60.40%,0.0
2022-12-20,1.5,1.51,1.5,1.51,-0.11,-6.79%,0.0
2022-12-21,1.78,1.78,1.77,1.77,0.26,+17.22%,0.0
2022-12-22,1.27,1.27,1.27,1.27,-0.5,-28.25%,0.0
2022-12-23,1.69,1.69,1.69,1.69,0.42,+33.07%,0.0
2022-12-27,0.91,0.91,0.91,0.91,-0.78,-46.15%,0.0
2022-12-28,2.07,2.07,2.06,2.06,1.15,+126.37%,0.0
2022-12-29,1.44,1.44,1.44,1.44,-0.62,-30.10%,0.0
2022-12-30,1.32,1.33,1.32,1.33,-0.11,-7.64%,0.0
2023-01-03,0.94,0.94,0.93,0.93,-0.4,-30.08%,0.0
2023-01-04,1.61,1.61,1.6,1.6,0.67,+72.04%,0.0
2023-01-05,1.43,1.43,1.43,1.43,-0.17,-10.63%,0.0
2023-01-06,1.11,1.11,1.11,1.11,-0.32,-22.38%,0.0
2023-01-09,0.69,0.69,0.68,0.68,-0.43,-38.74%,0.0
2023-01-10,0.9,0.9,0.9,0.9,0.22,+32.35%,0.0
2023-01-11,0.67,0.68,0.67,0.68,-0.22,-24.44%,0.0
2023-01-12,1.12,1.12,1.11,1.11,0.43,+63.24%,0.0
2023-01-13,1.12,1.13,1.12,1.13,0.02,+1.80%,0.0
2023-01-17,1.14,1.14,1.14,1.14,0.01,+0.88%,0.0
2023-01-18,0.8,0.82,0.8,0.82,-0.32,-28.07%,0.0
2023-01-19,1.11,1.12,1.11,1.12,0.3,+36.59%,0.0
2023-01-20,0.83,0.84,0.83,0.84,-0.28,-25.00%,0.0
2023-01-23,0.64,0.64,0.62,0.62,-0.22,-26.19%,0.0
2023-01-24,1.24,1.24,1.24,1.24,0.62,+100.00%,0.0
2023-01-25,0.77,0.77,0.76,0.76,-0.48,-38.71%,0.0
2023-01-26,1.09,1.1,1.09,1.1,0.34,+44.74%,0.0
2023-01-27,0.87,0.88,0.87,0.88,-0.22,-20.00%,0.0
2023-01-30,1.66,1.66,1.66,1.66,0.78,+88.64%,0.0
2023-01-31,0.97,0.97,0.97,0.97,-0.69,-41.57%,0.0
2023-02-01,0.86,0.86,0.86,0.86,-0.11,-11.34%,0.0
2023-02-02,1.08,1.09,1.08,1.09,0.23,+26.74%,0.0
2023-02-03,1.0,1.0,0.99,0.99,-0.1,-9.17%,0.0
2023-02-06,0.97,0.97,0.96,0.96,-0.03,-3.03%,0.0
2023-02-07,1.14,1.15,1.14,1.15,0.19,+19.79%,0.0
2023-02-08,1.85,1.85,1.84,1.84,0.69,+60.00%,0.0
2023-02-09,1.23,1.23,1.23,1.23,-0.61,-33.15%,0.0
2023-02-10,1.77,1.83,1.77,1.83,0.6,+48.78%,0.0
2023-02-13,1.5,1.5,1.5,1.5,-0.33,-18.03%,0.0
2023-02-14,1.26,1.26,1.26,1.26,-0.24,-16.00%,0.0
2023-02-15,1.51,1.52,1.51,1.52,0.26,+20.63%,0.0
2023-02-16,1.8,1.8,1.8,1.8,0.28,+18.42%,0.0
2023-02-17,1.45,1.45,1.45,1.45,-0.35,-19.44%,0.0
2023-02-21,1.21,1.21,1.21,1.21,-0.24,-16.55%,0.0
2023-02-22,1.7,1.7,1.7,1.7,0.49,+40.50%,0.0
2023-02-23,1.81,1.81,1.81,1.81,0.11,+6.47%,0.0
2023-02-24,1.45,1.45,1.45,1.45,-0.36,-19.89%,0.0
2023-02-27,1.06,1.06,1.06,1.06,-0.39,-26.90%,0.0
2023-02-28,1.22,1.22,1.22,1.22,0.16,+15.09%,0.0
2023-03-01,1.56,1.58,1.56,1.58,0.36,+29.51%,0.0
2023-03-02,1.84,1.84,1.84,1.84,0.26,+16.46%,0.0
2023-03-03,1.41,1.41,1.4,1.4,-0.44,-23.91%,0.0
2023-03-06,1.2,1.21,1.2,1.21,-0.19,-13.57%,0.0
2023-03-07,2.15,2.16,2.15,2.16,0.95,+78.51%,0.0
2023-03-08,1.36,1.36,1.35,1.35,-0.81,-37.50%,0.0
2023-03-09,1.07,1.07,1.06,1.06,-0.29,-21.48%,0.0
2023-03-10,0.86,0.86,0.84,0.84,-0.22,-20.75%,0.0
2023-03-13,0.67,0.67,0.67,0.67,-0.17,-20.24%,0.0
2023-03-14,0.82,0.82,0.82,0.82,0.15,+22.39%,0.0
2023-03-15,0.55,0.55,0.55,0.55,-0.27,-32.93%,0.0
2023-03-16,0.88,0.88,0.88,0.88,0.33,+60.00%,0.0
2023-03-17,0.92,0.93,0.92,0.93,0.05,+5.68%,0.0
2023-03-20,0.77,0.77,0.77,0.77,-0.16,-17.20%,0.0
2023-03-21,0.98,0.98,0.98,0.98,0.21,+27.27%,0.0
2023-03-22,0.92,0.92,0.92,0.92,-0.06,-6.12%,0.0
2023-03-23,0.63,0.64,0.63,0.64,-0.28,-30.43%,0.0
2023-03-24,0.76,0.76,0.75,0.75,0.11,+17.19%,0.0
2023-03-27,1.08,1.08,1.08,1.08,0.33,+44.00%,0.0
2023-03-28,1.26,1.26,1.25,1.25,0.17,+15.74%,0.0
2023-03-29,0.67,0.67,0.66,0.66,-0.59,-47.20%,0.0
2023-03-30,0.78,0.79,0.78,0.79,0.13,+19.70%,0.0
2023-03-31,0.93,0.93,0.93,0.93,0.14,+17.72%,0.0
2023-04-03,0.85,0.85,0.85,0.85,-0.08,-8.60%,0.0
2023-04-04,0.58,0.59,0.58,0.59,-0.26,-30.59%,0.0
2023-04-05,0.9,0.91,0.9,0.91,0.32,+54.24%,0.0
2023-04-06,0.72,0.72,0.72,0.72,-0.19,-20.88%,0.0
2023-04-10,0.87,0.89,0.87,0.89,0.17,+23.61%,0.0
2023-04-11,0.91,0.92,0.91,0.92,0.03,+3.37%,0.0
2023-04-12,0.82,0.82,0.82,0.82,-0.1,-10.87%,0.0
2023-04-13,0.79,0.79,0.79,0.79,-0.03,-3.66%,0.0
2023-04-14,0.81,0.82,0.81,0.82,0.03,+3.80%,0.0
2023-04-17,1.31,1.32,1.31,1.32,0.5,+60.98%,0.0
2023-04-18,0.91,0.91,0.9,0.9,-0.42,-31.82%,0.0
2023-04-19,1.49,1.49,1.49,1.49,0.59,+65.56%,0.0
2023-04-20,0.97,0.97,0.97,0.97,-0.52,-34.90%,0.0
2023-04-21,0.98,0.98,0.97,0.97,0.0,0.00%,0.0
2023-04-24,0.7,0.7,0.69,0.69,-0.28,-28.87%,0.0
2023-04-25,0.77,0.77,0.77,0.77,0.08,+11.59%,0.0
2023-04-26,0.67,0.68,0.67,0.68,-0.09,-11.69%,0.0
2023-04-27,0.97,0.98,0.97,0.98,0.3,+44.12%,0.0
2023-04-28,1.24,1.24,1.24,1.24,0.26,+26.53%,0.0
2023-05-01,0.91,0.92,0.91,0.92,-0.32,-25.81%,0.0
2023-05-02,0.77,0.77,0.77,0.77,-0.15,-16.30%,0.0
2023-05-03,1.01,1.01,0.99,0.99,0.22,+28.57%,0.0
2023-05-04,0.59,0.59,0.59,0.59,-0.4,-40.40%,0.0
2023-05-05,0.71,0.71,0.68,0.68,0.09,+15.25%,0.0
2023-05-08,0.65,0.65,0.65,0.65,-0.03,-4.41%,0.0
2023-05-09,0.92,0.92,0.92,0.92,0.27,+41.54%,0.0
2023-05-10,0.96,0.97,0.96,0.97,0.05,+5.43%,0.0
2023-05-11,0.56,0.56,0.56,0.56,-0.41,-42.27%,0.0
2023-05-12,0.71,0.71,0.7,0.7,0.14,+25.00%,0.0
2023-05-15,0.78,0.78,0.78,0.78,0.08,+11.43%,0.0
2023-05-16,0.57,0.57,0.56,0.56,-0.22,-28.21%,0.0
2023-05-17,0.92,0.92,0.92,0.92,0.36,+64.29%,0.0
2023-05-18,0.76,0.77,0.76,0.77,-0.15,-16.30%,0.0
2023-05-19,0.95,0.95,0.94,0.94,0.17,+22.08%,0.0
2023-05-22,0.72,0.73,0.72,0.73,-0.21,-22.34%,0.0
2023-05-23,0.81,0.82,0.81,0.82,0.09,+12.33%,0.0
2023-05-24,0.99,0.99,0.99,0.99,0.17,+20.73%,0.0
2023-05-25,1.49,1.49,1.48,1.48,0.49,+49.49%,0.0
2023-05-26,1.67,1.68,1.67,1.68,0.2,+13.51%,0.0
2023-05-30,0.78,0.78,0.77,0.77,-0.91,-54.17%,0.0
2023-05-31,1.33,1.33,1.32,1.32,0.55,+71.43%,0.0
2023-06-01,1.15,1.17,1.15,1.17,-0.15,-11.36%,0.0
2023-06-02,0.81,0.81,0.81,0.81,-0.36,-30.77%,0.0
2023-06-05,0.93,0.93,0.92,0.92,0.11,+13.58%,0.0
2023-06-06,0.74,0.75,0.74,0.75,-0.17,-18.48%,0.0
2023-06-07,1.27,1.27,1.27,1.27,0.52,+69.33%,0.0
2023-06-08,0.8,0.8,0.8,0.8,-0.47,-37.01%,0.0
2023-06-09,0.68,0.68,0.68,0.68,-0.12,-15.00%,0.0
2023-06-12,1.14,1.14,1.14,1.14,0.46,+67.65%,0.0
2023-06-13,0.98,0.98,0.97,0.97,-0.17,-14.91%,0.0
2023-06-14,1.06,1.07,1.06,1.07,0.1,+10.31%,0.0
2023-06-15,0.94,0.94,0.94,0.94,-0.13,-12.15%,0.0
2023-06-16,0.64,0.65,0.64,0.65,-0.29,-30.85%,0.0
2023-06-20,0.66,0.66,0.65,0.65,0.0,0.00%,0.0
2023-06-21,0.64,0.64,0.63,0.63,-0.02,-3.08%,0.0
2023-06-22,0.97,0.97,0.96,0.96,0.33,+52.38%,0.0
2023-06-23,0.45,0.46,0.45,0.46,-0.5,-52.08%,0.0
2023-06-26,0.68,0.68,0.68,0.68,0.22,+47.83%,0.0
2023-06-27,0.6,0.6,0.59,0.59,-0.09,-13.24%,0.0
2023-06-28,0.68,0.69,0.68,0.69,0.1,+16.95%,0.0
2023-06-29,0.89,0.89,0.89,0.89,0.2,+28.99%,0.0
2023-06-30,1.22,1.22,1.22,1.22,0.33,+37.08%,0.0
2023-07-03,0.89,0.89,0.89,0.89,-0.33,-27.05%,0.0
2023-07-05,1.17,1.17,1.17,1.17,0.28,+31.46%,0.0
2023-07-06,0.9,0.9,0.9,0.9,-0.27,-23.08%,0.0
2023-07-07,1.15,1.15,1.14,1.14,0.24,+26.67%,0.0
2023-07-10,0.9,0.9,0.9,0.9,-0.24,-21.05%,0.0
2023-07-11,0.7,0.7,0.7,0.7,-0.2,-22.22%,0.0
2023-07-12,1.0,1.0,0.94,0.94,0.24,+34.29%,0.0
2023-07-13,0.62,0.62,0.61,0.61,-0.33,-35.11%,0.0
2023-07-14,0.85,0.85,0.85,0.85,0.24,+39.34%,0.0
2023-07-17,0.9,0.9,0.9,0.9,0.05,+5.88%,0.0
2023-07-18,0.84,0.86,0.84,0.86,-0.04,-4.44%,0.0
2023-07-19,0.56,0.56,0.56,0.56,-0.3,-34.88%,0.0
2023-07-20,0.88,0.88,0.88,0.88,0.32,+57.14%,0.0
2023-07-21,1.58,1.59,1.58,1.59,0.71,+80.68%,0.0
2023-07-24,1.17,1.18,1.17,1.18,-0.41,-25.79%,0.0
2023-07-25,0.87,0.88,0.87,0.88,-0.3,-25.42%,0.0
2023-07-26,1.25,1.26,1.25,1.26,0.38,+43.18%,0.0
2023-07-27,1.22,1.22,1.22,1.22,-0.04,-3.17%,0.0
2023-07-28,1.91,1.91,1.91,1.91,0.69,+56.56%,0.0
2023-07-31,0.98,1.0,0.98,1.0,-0.91,-47.64%,0.0
2023-08-01,1.15,1.15,1.14,1.14,0.14,+14.00%,0.0
2023-08-02,1.09,1.1,1.09,1.1,-0.04,-3.51%,0.0
2023-08-03,1.35,1.35,1.35,1.35,0.25,+22.73%,0.0
2023-08-04,1.09,1.09,1.08,1.08,-0.27,-20.00%,0.0
2023-08-07,1.18,1.18,1.17,1.17,0.09,+8.33%,0.0
2023-08-08,0.73,0.74,0.73,0.74,-0.43,-36.75%,0.0
2023-08-09,0.96,0.96,0.95,0.95,0.21,+28.38%,0.0
2023-08-10,0.9,0.91,0.9,0.91,-0.04,-4.21%,0.0
2023-08-11,1.0,1.0,1.0,1.0,0.09,+9.89%,0.0
2023-08-14,1.28,1.28,1.28,1.28,0.28,+28.00%,0.0
2023-08-15,1.07,1.07,1.06,1.06,-0.22,-17.19%,0.0
2023-08-16,1.49,1.49,1.48,1.48,0.42,+39.62%,0.0
2023-08-17,0.88,0.9,0.88,0.9,-0.58,-39.19%,0.0
2023-08-18,0.93,0.94,0.93,0.94,0.04,+4.44%,0.0
2023-08-21,1.2,1.2,1.18,1.18,0.24,+25.53%,0.0
2023-08-22,1.14,1.15,1.14,1.15,-0.03,-2.54%,0.0
2023-08-23,1.18,1.18,1.17,1.17,0.02,+1.74%,0.0
2023-08-24,1.04,1.06,1.04,1.06,-0.11,-9.40%,0.0
2023-08-25,0.96,0.96,0.95,0.95,-0.11,-10.38%,0.0
2023-08-28,0.91,0.92,0.91,0.92,-0.03,-3.16%,0.0
2023-08-29,1.11,1.12,1.11,1.12,0.2,+21.74%,0.0
2023-08-30,1.06,1.06,1.06,1.06,-0.06,-5.36%,0.0
2023-08-31,0.99,1.0,0.99,1.0,-0.06,-5.66%,0.0
2023-09-01,0.74,0.74,0.74,0.74,-0.26,-26.00%,0.0
2023-09-05,0.98,0.99,0.98,0.99,0.25,+33.78%,0.0
2023-09-06,0.79,0.79,0.79,0.79,-0.2,-20.20%,0.0
2023-09-07,0.98,0.98,0.98,0.98,0.19,+24.05%,0.0
2023-09-08,1.01,1.01,1.01,1.01,0.03,+3.06%,0.0
2023-09-11,1.61,1.62,1.61,1.62,0.61,+60.40%,0.0
2023-09-12,1.03,1.03,1.03,1.03,-0.59,-36.42%,0.0
2023-09-13,1.06,1.06,1.06,1.06,0.03,+2.91%,0.0
2023-09-14,1.38,1.39,1.38,1.39,0.33,+31.13%,0.0
2023-09-15,1.44,1.44,1.43,1.43,0.04,+2.88%,0.0
2023-09-18,1.1,1.1,1.1,1.1,-0.33,-23.08%,0.0
2023-09-19,1.62,1.63,1.62,1.63,0.53,+48.18%,0.0
2023-09-20,1.54,1.54,1.54,1.54,-0.09,-5.52%,0.0
2023-09-21,1.0,1.01,1.0,1.01,-0.53,-34.42%,0.0
2023-09-22,1.29,1.3,1.29,1.3,0.29,+28.71%,0.0
2023-09-25,1.32,1.33,1.32,1.33,0.03,+2.31%,0.0
2023-09-26,0.75,0.75,0.74,0.74,-0.59,-44.36%,0.0
2023-09-27,1.09,1.09,1.09,1.09,0.35,+47.30%,0.0
2023-09-28,1.26,1.26,1.26,1.26,0.17,+15.60%,0.0
2023-09-29,0.76,0.76,0.76,0.76,-0.5,-39.68%,0.0
2023-10-02,0.96,0.96,0.95,0.95,0.19,+25.00%,0.0
2023-10-03,1.19,1.2,1.19,1.2,0.25,+26.32%,0.0
2023-10-04,1.4,1.4,1.4,1.4,0.2,+16.67%,0.0
2023-10-05,0.97,0.98,0.97,0.98,-0.42,-30.00%,0.0
2023-10-06,1.31,1.32,1.31,1.32,0.34,+34.69%,0.0
2023-10-09,0.75,0.75,0.75,0.75,-0.57,-43.18%,0.0
2023-10-10,1.15,1.15,1.15,1.15,0.4,+53.33%,0.0
2023-10-11,0.86,0.87,0.86,0.87,-0.28,-24.35%,0.0
2023-10-12,1.29,1.29,1.29,1.29,0.42,+48.28%,0.0
2023-10-13,0.76,0.76,0.75,0.75,-0.54,-41.86%,0.0
2023-10-16,1.15,1.15,1.14,1.14,0.39,+52.00%,0.0
2023-10-17,1.17,1.17,1.17,1.17,0.03,+2.63%,0.0
2023-10-18,0.88,0.88,0.86,0.86,-0.31,-26.50%,0.0
2023-10-19,1.1,1.1,1.09,1.09,0.23,+26.74%,0.0
2023-10-20,1.06,1.06,1.06,1.06,-0.03,-2.75%,0.0
2023-10-23,1.3,1.3,1.3,1.3,0.24,+22.64%,0.0
2023-10-24,0.79,0.79,0.79,0.79,-0.51,-39.23%,0.0
2023-10-25,0.9,0.9,0.9,0.9,0.11,+13.92%,0.0
2023-10-26,1.04,1.05,1.04,1.05,0.15,+16.67%,0.0
2023-10-27,1.1,1.1,1.1,1.1,0.05,+4.76%,0.0
2023-10-30,1.12,1.12,1.11,1.11,0.01,+0.91%,0.0
2023-10-31,1.32,1.33,1.32,1.33,0.22,+19.82%,0.0
2023-11-01,0.79,0.79,0.79,0.79,-0.54,-40.60%,0.0
2023-11-02,1.07,1.07,1.07,1.07,0.28,+35.44%,0.0
2023-11-03,0.8,0.8,0.79,0.79,-0.28,-26.17%,0.0
2023-11-06,0.62,0.63,0.62,0.63,-0.16,-20.25%,0.0
2023-11-07,0.63,0.64,0.63,0.64,0.01,+1.59%,0.0
2023-11-08,0.67,0.67,0.67,0.67,0.03,+4.69%,0.0
2023-11-09,1.17,1.17,1.17,1.17,0.5,+74.63%,0.0
2023-11-10,0.75,0.75,0.75,0.75,-0.42,-35.90%,0.0
2023-11-13,0.78,0.78,0.78,0.78,0.03,+4.00%,0.0
2023-11-14,1.2,1.2,1.19,1.19,0.41,+52.56%,0.0
2023-11-15,0.67,0.67,0.67,0.67,-0.52,-43.70%,0.0
2023-11-16,0.71,0.71,0.71,0.71,0.04,+5.97%,0.0
2023-11-17,1.13,1.13,1.13,1.13,0.42,+59.15%,0.0
2023-11-20,0.76,0.76,0.75,0.75,-0.38,-33.63%,0.0
2023-11-21,0.9,0.91,0.9,0.91,0.16,+21.33%,0.0
2023-11-22,1.16,1.16,1.15,1.15,0.24,+26.37%,0.0
2023-11-24,1.15,1.15,1.15,1.15,0.0,0.00%,0.0
2023-11-27,0.99,1.0,0.99,1.0,-0.15,-13.04%,0.0
2023-11-28,1.18,1.19,1.18,1.19,0.19,+19.00%,0.0
2023-11-29,0.81,0.81,0.81,0.81,-0.38,-31.93%,0.0
2023-11-30,0.99,1.0,0.99,1.0,0.19,+23.46%,0.0
2023-12-01,0.91,0.92,0.91,0.92,-0.08,-8.00%,0.0
2023-12-04,0.94,0.95,0.94,0.95,0.03,+3.26%,0.0
2023-12-05,0.83,0.84,0.83,0.84,-0.11,-11.58%,0.0
2023-12-06,1.02,1.03,1.02,1.03,0.19,+22.62%,0.0
2023-12-07,1.58,1.59,1.58,1.59,0.56,+54.37%,0.0
2023-12-08,1.6,1.6,1.6,1.6,0.01,+0.63%,0.0
2023-12-11,0.82,0.82,0.82,0.82,-0.78,-48.75%,0.0
2023-12-12,1.16,1.16,1.16,1.16,0.34,+41.46%,0.0
2023-12-13,0.83,0.83,0.82,0.82,-0.34,-29.31%,0.0
2023-12-14,0.88,0.88,0.88,0.88,0.06,+7.32%,0.0
2023-12-15,1.0,1.0,0.99,0.99,0.11,+12.50%,0.0
2023-12-18,1.34,1.34,1.32,1.32,0.33,+33.33%,0.0
2023-12-19,0.85,0.85,0.85,0.85,-0.47,-35.61%,0.0
2023-12-20,1.12,1.12,1.12,1.12,0.27,+31.76%,0.0
2023-12-21,0.9,0.91,0.9,0.91,-0.21,-18.75%,0.0
2023-12-22,1.09,1.09,1.09,1.09,0.18,+19.78%,0.0
2023-12-26,1.55,1.55,1.55,1.55,0.46,+42.20%,0.0
2023-12-27,1.58,1.59,1.58,1.59,0.04,+2.58%,0.0
2023-12-28,1.07,1.08,1.07,1.08,-0.51,-32.08%,0.0
2023-12-29,0.96,0.96,0.95,0.95,-0.13,-12.04%,0.0
2024-01-02,1.33,1.34,1.33,1.34,0.39,+41.05%,0.0
2024-01-03,0.91,0.91,0.9,0.9,-0.44,-32.84%,0.0
2024-01-04,1.41,1.41,1.41,1.41,0.51,+56.67%,0.0
2024-01-05,1.08,1.08,1.07,1.07,-0.34,-24.11%,0.0
2024-01-08,0.88,0.88,0.88,0.88,-0.19,-17.76%,0.0
2024-01-09,1.02,1.03,1.02,1.03,0.15,+17.05%,0.0
2024-01-10,1.62,1.63,1.62,1.63,0.6,+58.25%,0.0
2024-01-11,1.11,1.12,1.11,1.12,-0.51,-31.29%,0.0
2024-01-12,1.78,1.78,1.78,1.78,0.66,+58.93%,0.0
2024-01-16,0.91,0.92,0.91,0.92,-0.86,-48.31%,0.0
2024-01-17,0.97,0.98,0.97,0.98,0.06,+6.52%,0.0
2024-01-18,1.11,1.11,1.11,1.11,0.13,+13.27%,0.0
2024-01-19,1.27,1.27,1.27,1.27,0.16,+14.41%,0.0
2024-01-22,0.98,0.98,0.98,0.98,-0.29,-22.83%,0.0
2024-01-23,1.29,1.29,1.28,1.28,0.3,+30.61%,0.0
2024-01-24,0.71,0.71,0.71,0.71,-0.57,-44.53%,0.0
2024-01-25,1.02,1.03,1.02,1.03,0.32,+45.07%,0.0
2024-01-26,0.65,0.65,0.65,0.65,-0.38,-36.89%,0.0
2024-01-29,0.58,0.58,0.57,0.57,-0.08,-12.31%,0.0
2024-01-30,1.51,1.51,1.5,1.5,0.93,+163.16%,0.0
2024-01-31,0.85,0.85,0.84,0.84,-0.66,-44.00%,0.0
2024-02-01,1.05,1.05,1.05,1.05,0.21,+25.00%,0.0
2024-02-02,1.08,1.08,1.08,1.08,0.03,+2.86%,0.0
2024-02-05,1.24,1.24,1.23,1.23,0.15,+13.89%,0.0
2024-02-06,0.9,0.9,0.9,0.9,-0.33,-26.83%,0.0
2024-02-07,1.01,1.01,1.0,1.0,0.1,+11.11%,0.0
2024-02-08,1.46,1.46,1.46,1.46,0.46,+46.00%,0.0
2024-02-09,1.03,1.03,1.03,1.03,-0.43,-29.45%,0.0
2024-02-12,1.83,1.84,1.83,1.84,0.81,+78.64%,0.0
2024-02-13,1.58,1.59,1.58,1.59,-0.25,-13.59%,0.0
2024-02-14,0.9,0.9,0.89,0.89,-0.7,-44.03%,0.0
2024-02-15,1.25,1.25,1.24,1.24,0.35,+39.33%,0.0
2024-02-16,1.25,1.25,1.24,1.24,0.0,0.00%,0.0
2024-02-20,1.1,1.1,1.1,1.1,-0.14,-11.29%,0.0
2024-02-21,1.24,1.24,1.24,1.24,0.14,+12.73%,0.0
2024-02-22,1.52,1.52,1.51,1.51,0.27,+21.77%,0.0
2024-02-23,1.69,1.69,1.68,1.68,0.17,+11.26%,0.0
2024-02-26,1.03,1.03,1.03,1.03,-0.65,-38.69%,0.0
2024-02-27,1.7,1.71,1.7,1.71,0.68,+66.02%,0.0
2024-02-28,0.87,0.87,0.86,0.86,-0.85,-49.71%,0.0
2024-02-29,1.1,1.1,1.09,1.09,0.23,+26.74%,0.0
2024-03-01,0.9,0.91,0.9,0.91,-0.18,-16.51%,0.0
2024-03-04,0.88,0.89,0.88,0.89,-0.02,-2.20%,0.0
2024-03-05,1.27,1.27,1.27,1.27,0.38,+42.70%,0.0
2024-03-06,0.75,0.75,0.75,0.75,-0.52,-40.94%,0.0
2024-03-07,0.73,0.75,0.73,0.75,0.0,0.00%,0.0
2024-03-08,1.21,1.21,1.19,1.19,0.44,+58.67%,0.0
2024-03-11,1.21,1.21,1.21,1.21,0.02,+1.68%,0.0
2024-03-12,1.17,1.18,1.17,1.18,-0.03,-2.48%,0.0
2024-03-13,1.06,1.06,1.06,1.06,-0.12,-10.17%,0.0
2024-03-14,1.19,1.19,1.19,1.19,0.13,+12.26%,0.0
2024-03-15,1.53,1.53,1.53,1.53,0.34,+28.57%,0.0
2024-03-18,1.14,1.14,1.14,1.14,-0.39,-25.49%,0.0
2024-03-19,1.17,1.17,1.17,1.17,0.03,+2.63%,0.0
2024-03-20,1.22,1.22,1.22,1.22,0.05,+4.27%,0.0
2024-03-21,0.97,0.97,0.97,0.97,-0.25,-20.49%,0.0
2024-03-22,1.1,1.11,1.1,1.11,0.14,+14.43%,0.0
2024-03-25,1.21,1.21,1.21,1.21,0.1,+9.01%,0.0
2024-03-26,1.26,1.26,1.26,1.26,0.05,+4.13%,0.0
2024-03-27,0.99,0.99,0.99,0.99,-0.27,-21.43%,0.0
2024-03-28,1.2,1.2,1.2,1.2,0.21,+21.21%,0.0
2024-04-01,0.84,0.84,0.84,0.84,-0.36,-30.00%,0.0
2024-04-02,1.19,1.2,1.19,1.2,0.36,+42.86%,0.0
2024-04-03,1.37,1.37,1.35,1.35,0.15,+12.50%,0.0
2024-04-04,0.81,0.82,0.81,0.82,-0.53,-39.26%,0.0
2024-04-05,0.91,0.91,0.91,0.91,0.09,+10.98%,0.0
2024-04-08,1.73,1.73,1.73,1.73,0.82,+90.11%,0.0
2024-04-09,1.06,1.06,1.05,1.05,-0.68,-39.31%,0.0
2024-04-10,0.85,0.86,0.85,0.86,-0.19,-18.10%,0.0
2024-04-11,0.8,0.82,0.8,0.82,-0.04,-4.65%,0.0
2024-04-12,0.81,0.81,0.8,0.8,-0.02,-2.44%,0.0
2024-04-15,1.0,1.0,1.0,1.0,0.2,+25.00%,0.0
2024-04-16,1.08,1.09,1.08,1.09,0.09,+9.00%,0.0
2024-04-17,0.87,0.87,0.86,0.86,-0.23,-21.10%,0.0
2024-04-18,1.61,1.61,1.61,1.61,0.75,+87.21%,0.0
2024-04-19,1.27,1.27,1.26,1.26,-0.35,-21.74%,0.0
2024-04-22,1.27,1.28,1.27,1.28,0.02,+1.59%,0.0
2024-04-23,0.65,0.65,0.65,0.65,-0.63,-49.22%,0.0
2024-04-24,1.01,1.01,1.01,1.01,0.36,+55.38%,0.0
2024-04-25,0.85,0.85,0.84,0.84,-0.17,-16.83%,0.0
2024-04-26,0.84,0.84,0.84,0.84,0.0,0.00%,0.0
2024-04-29,1.27,1.27,1.26,1.26,0.42,+50.00%,0.0
2024-04-30,1.11,1.12,1.11,1.12,-0.14,-11.11%,0.0
2024-05-01,1.2,1.2,1.19,1.19,0.07,+6.25%,0.0
2024-05-02,1.01,1.01,1.0,1.0,-0.19,-15.97%,0.0
2024-05-03,1.03,1.03,1.03,1.03,0.03,+3.00%,0.0
2024-05-06,0.83,0.83,0.83,0.83,-0.2,-19.42%,0.0
2024-05-07,1.25,1.25,1.25,1.25,0.42,+50.60%,0.0
2024-05-08,1.02,1.02,1.02,1.02,-0.23,-18.40%,0.0
2024-05-09,0.52,0.52,0.52,0.52,-0.5,-49.02%,0.0
2024-05-10,0.63,0.63,0.63,0.63,0.11,+21.15%,0.0
2024-05-13,0.7,0.7,0.7,0.7,0.07,+11.11%,0.0
2024-05-14,1.02,1.03,1.02,1.03,0.33,+47.14%,0.0
2024-05-15,1.12,1.12,1.12,1.12,0.09,+8.74%,0.0
2024-05-16,0.57,0.57,0.57,0.57,-0.55,-49.11%,0.0
2024-05-17,0.94,0.95,0.94,0.95,0.38,+66.67%,0.0
2024-05-20,0.69,0.69,0.67,0.67,-0.28,-29.47%,0.0
2024-05-21,0.78,0.78,0.78,0.78,0.11,+16.42%,0.0
2024-05-22,1.03,1.03,1.03,1.03,0.25,+32.05%,0.0
2024-05-23,0.99,1.0,0.99,1.0,-0.03,-2.91%,0.0
2024-05-24,0.76,0.76,0.75,0.75,-0.25,-25.00%,0.0
2024-05-28,0.93,0.94,0.93,0.94,0.19,+25.33%,0.0
2024-05-29,1.08,1.08,1.08,1.08,0.14,+14.89%,0.0
2024-05-30,1.0,1.01,1.0,1.01,-0.07,-6.48%,0.0
2024-05-31,1.06,1.07,1.06,1.07,0.06,+5.94%,0.0
2024-06-03,0.74,0.75,0.74,0.75,-0.32,-29.91%,0.0
2024-06-04,1.17,1.17,1.16,1.16,0.41,+54.67%,0.0
2024-06-05,0.97,0.98,0.97,0.98,-0.18,-15.52%,0.0
2024-06-06,0.98,0.98,0.98,0.98,0.0,0.00%,0.0
2024-06-07,1.25,1.25,1.25,1.25,0.27,+27.55%,0.0
2024-06-10,1.21,1.21,1.21,1.21,-0.04,-3.20%,0.0
2024-06-11,1.38,1.38,1.37,1.37,0.16,+13.22%,0.0
2024-06-12,1.06,1.06,1.06,1.06,-0.31,-22.63%,0.0
2024-06-13,1.06,1.06,1.05,1.05,-0.01,-0.94%,0.0
2024-06-14,0.88,0.88,0.88,0.88,-0.17,-16.19%,0.0
2024-06-17,0.64,0.64,0.63,0.63,-0.25,-28.41%,0.0
2024-06-18,0.96,0.96,0.96,0.96,0.33,+52.38%,0.0
2024-06-20,0.81,0.81,0.81,0.81,-0.15,-15.63%,0.0
2024-06-21,0.59,0.6,0.59,0.6,-0.21,-25.93%,0.0
2024-06-24,0.98,0.98,0.97,0.97,0.37,+61.67%,0.0
2024-06-25,0.78,0.79,0.78,0.79,-0.18,-18.56%,0.0
2024-06-26,0.84,0.85,0.84,0.85,0.06,+7.59%,0.0
2024-06-27,1.19,1.19,1.19,1.19,0.34,+40.00%,0.0
2024-06-28,1.13,1.13,1.12,1.12,-0.07,-5.88%,0.0
2024-07-01,1.28,1.3,1.28,1.3,0.18,+16.07%,0.0
2024-07-02,0.83,0.84,0.83,0.84,-0.46,-35.38%,0.0
2024-07-03,0.91,0.91,0.9,0.9,0.06,+7.14%,0.0
2024-07-05,1.0,1.0,1.0,1.0,0.1,+11.11%,0.0
2024-07-08,1.18,1.18,1.18,1.18,0.18,+18.00%,0.0
2024-07-09,0.6,0.6,0.6,0.6,-0.58,-49.15%,0.0
2024-07-10,0.92,0.93,0.92,0.93,0.33,+55.00%,0.0
2024-07-11,1.39,1.39,1.38,1.38,0.45,+48.39%,0.0
2024-07-12,1.08,1.08,1.08,1.08,-0.3,-21.74%,0.0
2024-07-15,0.79,0.79,0.79,0.79,-0.29,-26.85%,0.0
2024-07-16,0.95,0.95,0.95,0.95,0.16,+20.25%,0.0
2024-07-17,0.92,0.92,0.91,0.91,-0.04,-4.21%,0.0
2024-07-18,0.59,0.6,0.59,0.6,-0.31,-34.07%,0.0
2024-07-19,1.08,1.08,1.07,1.07,0.47,+78.33%,0.0
2024-07-22,1.03,1.03,1.02,1.02,-0.05,-4.67%,0.0
2024-07-23,0.87,0.87,0.86,0.86,-0.16,-15.69%,0.0
2024-07-24,0.97,0.97,0.97,0.97,0.11,+12.79%,0.0
2024-07-25,1.06,1.06,1.06,1.06,0.09,+9.28%,0.0
2024-07-26,0.66,0.67,0.66,0.67,-0.39,-36.79%,0.0
2024-07-29,0.76,0.77,0.76,0.77,0.1,+14.93%,0.0
2024-07-30,0.92,0.92,0.91,0.91,0.14,+18.18%,0.0
2024-07-31,0.98,0.98,0.98,0.98,0.07,+7.69%,0.0
2024-08-01,1.24,1.24,1.24,1.24,0.26,+26.53%,0.0
2024-08-02,1.3,1.3,1.3,1.3,0.06,+4.84%,0.0
2024-08-05,1.08,1.09,1.08,1.09,-0.21,-16.15%,0.0
2024-08-06,1.08,1.08,1.08,1.08,-0.01,-0.92%,0.0
2024-08-07,0.78,0.78,0.77,0.77,-0.31,-28.70%,0.0
2024-08-08,0.81,0.81,0.81,0.81,0.04,+5.19%,0.0
2024-08-09,0.58,0.58,0.58,0.58,-0.23,-28.40%,0.0
2024-08-12,0.79,0.79,0.79,0.79,0.21,+36.21%,0.0
2024-08-13,0.72,0.72,0.72,0.72,-0.07,-8.86%,0.0
2024-08-14,0.93,0.93,0.92,0.92,0.2,+27.78%,0.0
2024-08-15,1.25,1.25,1.25,1.25,0.33,+35.87%,0.0
2024-08-16,1.11,1.11,1.1,1.1,-0.15,-12.00%,0.0
2024-08-19,1.16,1.16,1.16,1.16,0.06,+5.45%,0.0
2024-08-20,1.14,1.16,1.14,1.16,0.0,0.00%,0.0
2024-08-21,0.73,0.73,0.73,0.73,-0.43,-37.07%,0.0
2024-08-22,1.29,1.29,1.28,1.28,0.55,+75.34%,0.0
2024-08-23,1.32,1.32,1.31,1.31,0.03,+2.34%,0.0
2024-08-26,2.18,2.18,2.18,2.18,0.87,+66.41%,0.0
2024-08-27,1.64,1.64,1.63,1.63,-0.55,-25.23%,0.0
2024-08-28,0.92,0.92,0.91,0.91,-0.72,-44.17%,0.0
2024-08-29,1.52,1.52,1.51,1.51,0.6,+65.93%,0.0
2024-08-30,1.24,1.24,1.24,1.24,-0.27,-17.88%,0.0
2024-09-03,1.14,1.15,1.14,1.15,-0.09,-7.26%,0.0
2024-09-04,1.15,1.15,1.14,1.14,-0.01,-0.87%,0.0
2024-09-05,1.07,1.07,1.06,1.06,-0.08,-7.02%,0.0
2024-09-06,1.54,1.54,1.52,1.52,0.46,+43.40%,0.0
2024-09-09,0.91,0.91,0.91,0.91,-0.61,-40.13%,0.0
2024-09-10,1.21,1.21,1.21,1.21,0.3,+32.97%,0.0
2024-09-11,1.09,1.09,1.09,1.09,-0.12,-9.92%,0.0
2024-09-12,1.32,1.33,1.32,1.33,0.24,+22.02%,0.0
2024-09-13,1.4,1.41,1.4,1.41,0.08,+6.02%,0.0
2024-09-16,1.03,1.03,1.03,1.03,-0.38,-26.95%,0.0
2024-09-17,1.07,1.08,1.07,1.08,0.05,+4.85%,0.0
2024-09-18,0.89,0.89,0.89,0.89,-0.19,-17.59%,0.0
2024-09-19,1.33,1.34,1.33,1.34,0.45,+50.56%,0.0
2024-09-20,0.64,0.64,0.64,0.64,-0.7,-52.24%,0.0
2024-09-23,0.73,0.73,0.73,0.73,0.09,+14.06%,0.0
2024-09-24,1.23,1.23,1.23,1.23,0.5,+68.49%,0.0
2024-09-25,2.25,2.26,2.25,2.26,1.03,+83.74%,0.0
2024-09-26,0.82,0.82,0.81,0.81,-1.45,-64.16%,0.0
2024-09-27,0.76,0.77,0.76,0.77,-0.04,-4.94%,0.0
2024-09-30,0.99,0.99,0.99,0.99,0.22,+28.57%,0.0
2024-10-01,1.02,1.02,1.02,1.02,0.03,+3.03%,0.0
2024-10-02,1.17,1.18,1.17,1.18,0.16,+15.69%,0.0
2024-10-03,0.82,0.82,0.82,0.82,-0.36,-30.51%,0.0
2024-10-04,1.61,1.62,1.61,1.62,0.8,+97.56%,0.0
2024-10-07,1.29,1.29,1.28,1.28,-0.34,-20.99%,0.0
2024-10-08,1.77,1.78,1.77,1.78,0.5,+39.06%,0.0
2024-10-09,1.63,1.63,1.62,1.62,-0.16,-8.99%,0.0
2024-10-10,0.96,0.96,0.96,0.96,-0.66,-40.74%,0.0
2024-10-11,1.27,1.27,1.27,1.27,0.31,+32.29%,0.0
2024-10-14,1.77,1.77,1.75,1.75,0.48,+37.80%,0.0
2024-10-15,1.31,1.31,1.31,1.31,-0.44,-25.14%,0.0
2024-10-16,1.4,1.4,1.4,1.4,0.09,+6.87%,0.0
2024-10-17,1.69,1.7,1.69,1.7,0.3,+21.43%,0.0
2024-10-18,1.23,1.23,1.22,1.22,-0.48,-28.24%,0.0
2024-10-21,1.31,1.32,1.31,1.32,0.1,+8.20%,0.0
2024-10-22,1.18,1.18,1.17,1.17,-0.15,-11.36%,0.0
2024-10-23,1.11,1.11,1.11,1.11,-0.06,-5.13%,0.0
2024-10-24,1.26,1.27,1.26,1.27,0.16,+14.41%,0.0
2024-10-25,1.09,1.09,1.08,1.08,-0.19,-14.96%,0.0
2024-10-28,0.78,0.78,0.78,0.78,-0.3,-27.78%,0.0
2024-10-29,1.17,1.17,1.16,1.16,0.38,+48.72%,0.0
2024-10-30,0.83,0.83,0.83,0.83,-0.33,-28.45%,0.0
2024-10-31,0.94,0.94,0.94,0.94,0.11,+13.25%,0.0
2024-11-01,0.8,0.82,0.8,0.82,-0.12,-12.77%,0.0
2024-11-04,1.0,1.0,0.99,0.99,0.17,+20.73%,0.0
2024-11-05,0.64,0.64,0.64,0.64,-0.35,-35.35%,0.0
2024-11-06,0.72,0.72,0.71,0.71,0.07,+10.94%,0.0
2024-11-07,0.77,0.78,0.77,0.78,0.07,+9.86%,0.0
2024-11-08,1.3,1.3,1.3,1.3,0.52,+66.67%,0.0
2024-11-11,1.46,1.46,1.45,1.45,0.15,+11.54%,0.0
2024-11-12,0.76,0.76,0.75,0.75,-0.7,-48.28%,0.0
2024-11-13,1.7,1.7,1.7,1.7,0.95,+126.67%,0.0
2024-11-14,1.29,1.3,1.29,1.3,-0.4,-23.53%,0.0
2024-11-15,1.24,1.24,1.23,1.23,-0.07,-5.38%,0.0
2024-11-18,0.87,0.88,0.87,0.88,-0.35,-28.46%,0.0
2024-11-19,0.49,0.49,0.48,0.48,-0.4,-45.45%,0.0
2024-11-20,0.79,0.8,0.79,0.8,0.32,+66.67%,0.0
2024-11-21,0.55,0.56,0.55,0.56,-0.24,-30.00%,0.0
2024-11-22,0.69,0.7,0.69,0.7,0.14,+25.00%,0.0
2024-11-25,1.18,1.18,1.18,1.18,0.48,+68.57%,0.0
2024-11-26,1.48,1.48,1.48,1.48,0.3,+25.42%,0.0
2024-11-27,0.91,0.92,0.91,0.92,-0.56,-37.84%,0.0
2024-11-29,0.45,0.45,0.44,0.44,-0.48,-52.17%,0.0
2024-12-02,0.94,0.94,0.93,0.93,0.49,+111.36%,0.0
2024-12-03,0.9,0.9,0.89,0.89,-0.04,-4.30%,0.0
2024-12-04,1.11,1.11,1.11,1.11,0.22,+24.72%,0.0
2024-12-05,1.39,1.39,1.39,1.39,0.28,+25.23%,0.0
2024-12-06,1.12,1.12,1.11,1.11,-0.28,-20.14%,0.0
2024-12-09,0.93,0.93,0.92,0.92,-0.19,-17.12%,0.0
2024-12-10,1.06,1.06,1.04,1.04,0.12,+13.04%,0.0
2024-12-11,0.86,0.86,0.85,0.85,-0.19,-18.27%,0.0
2024-12-12,1.13,1.14,1.13,1.14,0.29,+34.12%,0.0
2024-12-13,1.29,1.29,1.28,1.28,0.14,+12.28%,0.0
2024-12-16,1.28,1.28,1.27,1.27,-0.01,-0.78%,0.0
2024-12-17,0.68,0.7,0.68,0.7,-0.57,-44.88%,0.0
2024-12-18,1.35,1.36,1.35,1.36,0.66,+94.29%,0.0
2024-12-19,1.18,1.19,1.18,1.19,-0.17,-12.50%,0.0
2024-12-20,0.83,0.83,0.83,0.83,-0.36,-30.25%,0.0
2024-12-23,1.36,1.38,1.36,1.38,0.55,+66.27%,0.0
2024-12-24,1.09,1.09,1.07,1.07,-0.31,-22.46%,0.0
2024-12-26,1.0,1.0,0.99,0.99,-0.08,-7.48%,0.0
2024-12-27,0.87,0.87,0.87,0.87,-0.12,-12.12%,0.0
2024-12-30,1.33,1.33,1.31,1.31,0.44,+50.57%,0.0
2024-12-31,0.54,0.54,0.54,0.54,-0.77,-58.78%,0.0
2025-01-02,0.89,0.89,0.89,0.89,0.35,+64.81%,0.0
2025-01-03,0.9,0.91,0.9,0.91,0.02,+2.25%,0.0
2025-01-06,0.68,0.68,0.67,0.67,-0.24,-26.37%,0.0
2025-01-07,0.88,0.89,0.88,0.89,0.22,+32.84%,0.0
2025-01-08,0.97,0.98,0.97,0.98,0.09,+10.11%,0.0
2025-01-10,0.78,0.79,0.78,0.79,-0.19,-19.39%,0.0
2025-01-13,1.28,1.28,1.27,1.27,0.48,+60.76%,0.0
2025-01-14,0.86,0.86,0.86,0.86,-0.41,-32.28%,0.0
2025-01-15,1.1,1.1,1.1,1.1,0.24,+27.91%,0.0
2025-01-16,0.88,0.88,0.87,0.87,-0.23,-20.91%,0.0
2025-01-17,1.31,1.31,1.31,1.31,0.44,+50.57%,0.0
2025-01-21,1.02,1.02,1.02,1.02,-0.29,-22.14%,0.0
2025-01-22,1.11,1.12,1.11,1.12,0.1,+9.80%,0.0
2025-01-23,0.99,0.99,0.98,0.98,-0.14,-12.50%,0.0
2025-01-24,1.31,1.32,1.31,1.32,0.34,+34.69%,0.0
2025-01-27,0.87,0.87,0.86,0.86,-0.46,-34.85%,0.0
2025-01-28,1.19,1.21,1.19,1.21,0.35,+40.70%,0.0
2025-01-29,0.93,0.93,0.92,0.92,-0.29,-23.97%,0.0
2025-01-30,1.18,1.18,1.17,1.17,0.25,+27.17%,0.0
2025-01-31,1.32,1.32,1.31,1.31,0.14,+11.97%,0.0
2025-02-03,0.8,0.8,0.79,0.79,-0.52,-39.69%,0.0
2025-02-04,1.41,1.41,1.39,1.39,0.6,+75.95%,0.0
2025-02-05,1.03,1.04,1.03,1.04,-0.35,-25.18%,0.0
2025-02-06,1.22,1.23,1.22,1.23,0.19,+18.27%,0.0
2025-02-07,0.93,0.93,0.92,0.92,-0.31,-25.20%,0.0
2025-02-10,1.26,1.27,1.26,1.27,0.35,+38.04%,0.0
2025-02-11,1.11,1.11,1.11,1.11,-0.16,-12.60%,0.0
2025-02-12,0.83,0.83,0.83,0.83,-0.28,-25.23%,0.0
2025-02-13,0.63,0.64,0.63,0.64,-0.19,-22.89%,0.0
2025-02-14,1.28,1.28,1.21,1.21,0.57,+89.06%,0.0
2025-02-18,0.74,0.75,0.74,0.75,-0.46,-38.02%,0.0
2025-02-19,1.2,1.2,1.2,1.2,0.45,+60.00%,0.0
2025-02-20,1.24,1.24,1.24,1.24,0.04,+3.33%,0.0
2025-02-21,0.64,0.64,0.62,0.62,-0.62,-50.00%,0.0
2025-02-24,0.75,0.75,0.75,0.75,0.13,+20.97%,0.0
2025-02-25,0.8,0.8,0.79,0.79,0.04,+5.33%,0.0
2025-02-26,0.72,0.73,0.72,0.73,-0.06,-7.59%,0.0
2025-02-27,0.76,0.76,0.76,0.76,0.03,+4.11%,0.0
2025-02-28,0.79,0.79,0.77,0.77,0.01,+1.32%,0.0
2025-03-03,0.87,0.87,0.82,0.82,0.05,+6.49%,0.0
2025-03-04,0.85,0.85,0.79,0.79,-0.03,-3.66%,0.0
2025-03-05,0.87,0.88,0.87,0.88,0.09,+11.39%,0.0
2025-03-06,1.19,1.19,1.19,1.19,0.31,+35.23%,0.0
2025-03-07,0.72,0.72,0.71,0.71,-0.48,-40.34%,0.0
2025-03-10,0.94,0.94,0.94,0.94,0.23,+32.39%,0.0
2025-03-11,0.73,0.74,0.73,0.74,-0.2,-21.28%,0.0
2025-03-12,0.92,0.92,0.92,0.92,0.18,+24.32%,0.0
2025-03-13,1.0,1.0,0.9,0.9,-0.02,-2.17%,0.0
2025-03-14,0.96,0.96,0.91,0.91,0.01,+1.11%,0.0
2025-03-17,1.04,1.1,1.04,1.1,0.19,+20.88%,0.0
2025-03-18,0.72,0.73,0.72,0.73,-0.37,-33.64%,0.0
2025-03-19,0.6,0.61,0.6,0.61,-0.12,-16.44%,0.0
2025-03-20,0.93,0.93,0.93,0.93,0.32,+52.46%,0.0
2025-03-21,1.61,1.62,1.61,1.62,0.69,+74.19%,0.0
2025-03-24,0.59,0.59,0.59,0.59,-1.03,-63.58%,0.0
2025-03-25,1.05,1.05,1.05,1.05,0.46,+77.97%,0.0
2025-03-26,0.82,0.82,0.82,0.82,-0.23,-21.90%,0.0
2025-03-27,0.63,0.63,0.62,0.62,-0.2,-24.39%,0.0
2025-03-28,1.04,1.04,1.0,1.0,0.38,+61.29%,0.0
2025-03-31,0.56,0.56,0.56,0.56,-0.44,-44.00%,0.0
2025-04-01,0.69,0.7,0.69,0.7,0.14,+25.00%,0.0
2025-04-02,"-2,785.26",0.91,"-2,785.26",0.91,0.21,+30.00%,0.0
2025-04-03,1.07,1.07,1.06,1.06,0.15,+16.48%,0.0
2025-04-04,0.80,0.81,0.80,0.81,-0.25,-23.58%,0.0
2025-04-07,1.10,1.11,1.10,1.11,0.3,+37.04%,0.0
2025-04-08,0.96,0.97,0.96,0.97,-0.14,-12.61%,0.0
2025-04-09,1.21,1.21,1.21,1.21,0.24,+24.74%,0.0
2025-04-10,1.32,1.32,1.31,1.31,0.1,+8.26%,0.0
2025-04-11,0.93,0.93,0.92,0.92,-0.39,-29.77%,0.0
2025-04-14,0.92,0.92,0.90,0.9,-0.02,-2.17%,0.0
2025-04-15,1.04,1.04,0.96,0.96,0.06,+6.67%,0.0
2025-04-16,1.01,1.01,0.99,0.99,0.03,+3.13%,0.0
2025-04-17,1.13,1.13,1.13,1.13,0.14,+14.14%,0.0
2025-04-21,1.48,1.48,1.48,1.48,0.35,+30.97%,0.0
2025-04-22,0.80,0.81,0.80,0.81,-0.67,-45.27%,0.0
2025-04-23,0.91,0.92,0.91,0.92,0.11,+13.58%,0.0
2025-04-24,0.63,0.63,0.62,0.62,-0.3,-32.61%,0.0
2025-04-25,0.52,0.53,0.52,0.53,-0.09,-14.52%,0.0
2025-04-28,1.31,1.31,1.30,1.3,0.77,+145.28%,0.0
2025-04-29,1.13,1.13,1.13,1.13,-0.17,-13.08%,0.0
2025-04-30,0.87,0.87,0.87,0.87,-0.26,-23.01%,0.0
2025-05-01,1.13,1.14,1.13,1.14,0.27,+31.03%,0.0
2025-05-02,0.91,0.91,0.90,0.9,-0.24,-21.05%,0.0
2025-05-05,0.77,0.77,0.77,0.77,-0.13,-14.44%,0.0
2025-05-06,0.88,0.88,0.87,0.87,0.1,+12.99%,0.0
2025-05-07,1.14,1.14,1.14,1.14,0.27,+31.03%,0.0
2025-05-08,1.18,1.19,1.18,1.19,0.05,+4.39%,0.0
2025-05-09,1.21,1.21,1.21,1.21,0.02,+1.68%,0.0
2025-05-12,1.43,1.43,1.43,1.43,0.22,+18.18%,0.0
2025-05-13,0.91,0.91,0.91,0.91,-0.52,-36.36%,0.0
2025-05-14,1.21,1.21,1.21,1.21,0.3,+32.97%,0.0
2025-05-15,1.19,1.19,1.18,1.18,-0.03,-2.48%,0.0
2025-05-16,1.54,1.54,1.54,1.54,0.36,+30.51%,0.0
2025-05-19,0.85,0.86,0.85,0.86,-0.68,-44.16%,0.0
2025-05-20,1.33,1.33,1.29,1.29,0.43,+50.00%,0.0
2025-05-21,1.28,1.28,1.28,1.28,-0.01,-0.78%,0.0
2025-05-22,1.67,1.67,1.67,1.67,0.39,+30.47%,0.0
2025-05-23,1.26,1.27,1.26,1.27,-0.4,-23.95%,0.0
2025-05-27,1.50,1.5,1.50,1.5,0.23,+18.11%,0.0
2025-05-28,1.04,1.05,1.04,1.05,-0.45,-30.00%,0.0
2025-05-29,0.94,0.95,0.94,0.95,-0.1,-9.52%,0.0
2025-05-30,1.31,1.31,1.31,1.31,0.36,+37.89%,0.0
2025-06-02,1.15,1.16,1.15,1.16,-0.15,-11.45%,0.0
2025-06-03,0.59,0.6,0.59,0.6,-0.56,-48.28%,0.0
2025-06-04,1.24,1.24,1.24,1.24,0.64,+106.67%,0.0
2025-06-05,0.86,0.86,0.86,0.86,-0.38,-30.65%,0.0
2025-06-06,0.81,0.81,0.79,0.79,-0.07,-8.14%,0.0
2025-06-09,0.65,0.65,0.65,0.65,-0.14,-17.72%,0.0
2025-06-10,1.01,1.01,1.01,1.01,0.36,+55.38%,0.0
2025-06-11,0.98,0.98,0.98,0.98,-0.03,-2.97%,0.0
2025-06-12,1.08,1.08,1.08,1.08,0.1,+10.20%,0.0
2025-06-13,1.02,1.03,1.02,1.03,-0.05,-4.63%,0.0
2025-06-16,0.82,0.83,0.82,0.83,-0.2,-19.42%,0.0
2025-06-17,0.63,0.63,0.62,0.62,-0.21,-25.30%,0.0
2025-06-18,0.74,0.75,0.74,0.75,0.13,+20.97%,0.0
2025-06-20,0.78,0.78,0.77,0.77,0.02,+2.67%,0.0
2025-06-23,0.94,0.95,0.94,0.95,0.18,+23.38%,0.0
2025-06-24,1.02,1.03,1.02,1.03,0.08,+8.42%,0.0
2025-06-25,0.89,0.89,0.89,0.89,-0.14,-13.59%,0.0
2025-06-26,0.75,0.75,0.74,0.74,-0.15,-16.85%,0.0
2025-06-27,1.29,1.29,1.29,1.29,0.55,+74.32%,0.0
2025-06-30,1.28,1.28,1.27,1.27,-0.02,-1.55%,0.0
2025-07-01,1.09,1.11,1.09,1.11,-0.16,-12.60%,0.0
2025-07-02,0.99,1.0,0.99,1.0,-0.11,-9.91%,0.0
2025-07-03,0.94,0.94,0.94,0.94,-0.06,-6.00%,0.0
2025-07-07,1.64,1.64,1.64,1.64,0.7,+74.47%,0.0
2025-07-08,0.78,0.78,0.77,0.77,-0.87,-53.05%,0.0
2025-07-09,0.86,0.87,0.86,0.87,0.1,+12.99%,0.0
2025-07-10,1.17,1.18,1.17,1.18,0.31,+35.63%,0.0
2025-07-11,1.11,1.12,1.11,1.12,-0.06,-5.08%,0.0
2025-07-14,0.81,0.82,0.81,0.82,-0.3,-26.79%,0.0
2025-07-15,1.02,1.03,1.02,1.03,0.21,+25.61%,0.0
2025-07-16,0.96,0.97,0.96,0.97,-0.06,-5.83%,0.0
2025-07-17,0.94,0.94,0.94,0.94,-0.03,-3.09%,0.0
2025-07-18,0.99,0.99,0.98,0.98,0.04,+4.26%,0.0
2025-07-21,0.94,0.95,0.94,0.95,-0.03,-3.06%,0.0
2025-07-22,1.51,1.51,1.51,1.51,0.56,+58.95%,0.0
2025-07-23,1.12,1.12,1.12,1.12,-0.39,-25.83%,0.0
2025-07-24,0.98,0.98,0.98,0.98,-0.14,-12.50%,0.0
2025-07-25,0.79,0.8,0.79,0.8,-0.18,-18.37%,0.0
2025-07-28,1.20,1.2,1.20,1.2,0.4,+50.00%,0.0
2025-07-29,1.10,1.1,1.09,1.09,-0.11,-9.17%,0.0
2025-07-30,1.12,1.12,1.11,1.11,0.02,+1.83%,0.0
2025-07-31,0.91,0.91,0.91,0.91,-0.2,-18.02%,0.0
2025-08-01,1.01,1.02,1.01,1.02,0.11,+12.09%,0.0
2025-08-04,0.93,0.93,0.93,0.93,-0.09,-8.82%,0.0
2025-08-05,0.77,0.78,0.77,0.78,-0.15,-16.13%,0.0
2025-08-06,0.83,0.84,0.83,0.84,0.06,+7.69%,0.0
2025-08-07,0.96,0.96,0.95,0.95,0.11,+13.10%,0.0
2025-08-08,1.05,1.06,1.05,1.06,0.11,+11.58%,0.0
2025-08-11,1.10,1.1,1.10,1.1,0.04,+3.77%,0.0
2025-08-12,0.76,0.76,0.76,0.76,-0.34,-30.91%,0.0
2025-08-13,0.85,0.85,0.85,0.85,0.09,+11.84%,0.0
2025-08-14,0.99,0.99,0.99,0.99,0.14,+16.47%,0.0
2025-08-15,0.84,0.84,0.84,0.84,-0.15,-15.15%,0.0
2025-08-18,1.12,1.12,1.12,1.12,0.28,+33.33%,0.0
2025-08-19,0.83,0.83,0.83,0.83,-0.29,-25.89%,0.0
2025-08-20,0.83,0.83,0.83,0.83,unch,unch,0.0
2025-08-21,0.77,0.77,0.76,0.76,-0.07,-8.43%,0.0
2025-08-22,1.30,1.3,1.29,1.29,+0.53,+69.74%,0.0
2025-08-25,0.67,0.67,0.66,0.66,-0.63,-48.84%,0.0
2025-08-26,0.89,0.91,0.89,0.91,+0.25,+37.88%,0.0
2025-08-27,0.98,0.98,0.98,0.98,+0.07,+7.69%,0.0
2025-08-28,0.94,0.95,0.94,0.95,-0.03,-3.06%,0.0
2025-08-29,1.28,1.28,1.28,1.28,+0.33,+34.74%,0.0
2025-09-02,1.36,1.37,1.36,1.37,+0.09,+7.03%,0.0
2025-09-03,1.78,1.79,1.78,1.79,+0.42,+30.66%,0.0
2025-09-04,0.80,0.81,0.80,0.81,-0.98,-54.75%,0.0
2025-09-05,1.16,1.17,1.16,1.17,+0.36,+44.44%,0.0
2025-09-08,1.07,1.07,1.06,1.06,-0.11,-9.40%,0.0
2025-09-09,1.34,1.34,1.34,1.34,+0.28,+26.42%,0.0
2025-09-10,1.04,1.04,1.04,1.04,-0.30,-22.39%,0.0
2025-09-11,1.41,1.43,1.41,1.43,+0.39,+37.50%,0.0
2025-09-12,1.15,1.15,1.15,1.15,-0.28,-19.58%,0.0
2025-09-15,1.15,1.15,1.15,1.15,unch,unch,0.0
2025-09-16,0.60,0.6,0.59,0.59,-0.56,-48.70%,0.0
2025-09-17,1.15,1.15,1.14,1.14,+0.55,+93.22%,0.0
2025-09-18,1.20,1.2,1.20,1.2,+0.06,+5.26%,0.0
2025-09-19,0.90,0.91,0.90,0.91,-0.29,-24.17%,0.0
2025-09-22,0.54,0.55,0.54,0.55,-0.36,-39.56%,0.0
2025-09-23,0.87,0.87,0.87,0.87,+0.32,+58.18%,0.0
2025-09-24,0.82,0.82,0.82,0.82,-0.05,-5.75%,0.0
2025-09-25,0.88,0.88,0.86,0.86,+0.04,+4.88%,0.0
2025-09-26,1.14,1.14,1.14,1.14,+0.28,+32.56%,0.0
2025-09-29,0.64,0.64,0.64,0.64,-0.50,-43.86%,0.0
2025-09-30,0.93,0.94,0.93,0.94,+0.30,+46.88%,0.0
2025-10-01,1.10,1.1,1.10,1.1,+0.16,+17.02%,0.0
2025-10-02,0.69,0.69,0.68,0.68,-0.42,-38.18%,0.0
2025-10-03,0.55,0.56,0.55,0.56,-0.12,-17.65%,0.0
2025-10-06,0.76,0.77,0.76,0.77,+0.21,+37.50%,0.0
2025-10-07,0.82,0.83,0.82,0.83,+0.06,+7.79%,0.0
2025-10-08,1.01,1.01,1.01,1.01,+0.18,+21.69%,0.0
2025-10-09,0.85,0.85,0.85,0.85,-0.16,-15.84%,0.0
2025-10-10,0.91,0.91,0.90,0.9,+0.05,+5.88%,0.0
2025-10-13,0.76,0.77,0.76,0.77,-0.13,-14.44%,0.0
2025-10-14,0.91,0.91,0.91,0.91,+0.14,+18.18%,0.0
2025-10-15,1.03,1.03,1.03,1.03,+0.12,+13.19%,0.0
2025-10-16,0.82,0.83,0.82,0.83,-0.20,-19.42%,0.0
2025-10-17,1.00,1.0,1.00,1.0,+0.17,+20.48%,0.0
2025-10-20,0.88,0.89,0.88,0.89,-0.11,-11.00%,0.0
2025-10-21,0.78,0.78,0.78,0.78,-0.11,-12.36%,0.0
2025-10-22,0.65,0.65,0.65,0.65,-0.13,-16.67%,0.0
2025-10-23,1.08,1.08,1.08,1.08,+0.43,+66.15%,0.0
2025-10-24,1.17,1.17,1.16,1.16,+0.08,+7.41%,0.0
2025-10-27,1.51,1.52,1.51,1.52,+0.36,+31.03%,0.0
2025-10-28,1.47,1.47,1.46,1.46,-0.06,-3.95%,0.0
2025-10-29,0.88,0.9,0.88,0.9,-0.56,-38.36%,0.0
2025-10-30,1.10,1.1,1.10,1.1,+0.20,+22.22%,0.0
2025-10-31,0.87,0.88,0.87,0.88,-0.22,-20.00%,0.0
2025-11-03,1.15,1.15,1.15,1.15,+0.27,+30.68%,0.0
2025-11-04,0.66,0.66,0.65,0.65,-0.50,-43.48%,0.0
2025-11-05,0.84,0.86,0.84,0.86,+0.21,+32.31%,0.0
2025-11-06,0.71,0.71,0.70,0.7,-0.16,-18.60%,0.0
2025-11-07,0.75,0.75,0.74,0.74,+0.04,+5.71%,0.0
2025-11-10,1.32,1.32,1.32,1.32,+0.58,+78.38%,0.0
2025-11-11,0.88,0.88,0.88,0.88,-0.44,-33.33%,0.0
2025-11-12,1.13,1.13,1.13,1.13,+0.25,+28.41%,0.0
2025-11-13,0.67,0.68,0.67,0.68,-0.45,-39.82%,0.0
2025-11-14,1.00,1.01,1.00,1.01,+0.33,+48.53%,0.0
2025-11-17,1.09,1.09,1.08,1.08,+0.07,+6.93%,0.0
2025-11-18,1.10,1.1,1.09,1.09,+0.01,+0.93%,0.0
2025-11-19,0.77,0.78,0.77,0.78,-0.31,-28.44%,0.0
2025-11-20,0.86,0.86,0.80,0.8,+0.02,+2.56%,0.0
2025-11-21,0.70,0.72,0.70,0.72,-0.08,-10.00%,0.0
2025-11-24,0.90,0.9,0.90,0.9,+0.18,+25.00%,0.0
2025-11-25,1.57,1.57,1.57,1.57,+0.67,+74.44%,0.0
2025-11-26,1.19,1.19,1.19,1.19,-0.38,-24.20%,0.0
2025-11-28,1.21,1.21,1.21,1.21,+0.02,+1.68%,0.0
2025-12-01,1.29,1.29,1.29,1.29,+0.08,+6.61%,0.0
2025-12-02,0.98,0.99,0.98,0.99,-0.30,-23.26%,0.0
2025-12-03,0.83,0.83,0.81,0.81,-0.18,-18.18%,0.0
2025-12-04,0.85,0.85,0.85,0.85,+0.04,+4.94%,0.0
2025-12-05,1.19,1.19,1.19,1.19,+0.34,+40.00%,0.0
2025-12-08,0.94,0.94,0.93,0.93,-0.26,-21.85%,0.0
2025-12-09,0.92,0.92,0.91,0.91,-0.02,-2.15%,0.0
2025-12-10,0.94,0.94,0.93,0.93,+0.02,+2.20%,0.0
2025-12-11,0.94,0.95,0.94,0.95,+0.02,+2.15%,0.0
2025-12-12,0.85,0.85,0.84,0.84,-0.11,-11.58%,0.0
2025-12-15,0.92,0.93,0.92,0.93,+0.09,+10.71%,0.0
2025-12-16,1.38,1.38,1.33,1.33,+0.40,+43.01%,0.0
2025-12-17,1.19,1.19,1.18,1.18,-0.15,-11.28%,0.0
2025-12-18,0.85,0.85,0.85,0.85,-0.33,-27.97%,0.0
2025-12-19,0.93,0.93,0.93,0.93,+0.08,+9.41%,0.0
2025-12-22,1.31,1.32,1.31,1.32,+0.39,+41.94%,0.0
2025-12-23,1.00,1.0,1.00,1.0,-0.32,-24.24%,0.0
2025-12-24,0.78,0.78,0.77,0.77,-0.23,-23.00%,0.0
2025-12-26,1.15,1.15,1.14,1.14,+0.37,+48.05%,0.0
2025-12-29,0.63,0.63,0.63,0.63,-0.51,-44.74%,0.0
2025-12-30,1.20,1.21,1.20,1.21,+0.58,+92.06%,0.0
2025-12-31,1.52,1.52,1.52,1.52,+0.31,+25.62%,0.0
2026-01-02,0.96,0.96,0.96,0.96,-0.56,-36.84%,0.0
2026-01-05,0.64,0.64,0.63,0.63,-0.33,-34.38%,0.0
2026-01-06,0.81,0.82,0.81,0.82,+0.19,+30.16%,0.0
2026-01-07,0.61,0.62,0.61,0.62,-0.20,-24.39%,0.0
2026-01-08,0.91,0.91,0.90,0.9,+0.28,+45.16%,0.0
2026-01-09,0.74,0.74,0.74,0.74,-0.16,-17.78%,0.0
2026-01-12,1.26,1.27,1.26,1.27,+0.53,+71.62%,0.0
2026-01-13,0.47,0.48,0.47,0.48,-0.79,-62.20%,0.0
2026-01-14,0.78,0.79,0.78,0.79,+0.31,+64.58%,0.0
2026-01-15,1.04,1.04,1.04,1.04,+0.25,+31.65%,0.0
2026-01-16,0.79,0.79,0.78,0.78,-0.26,-25.00%,0.0
2026-01-20,1.02,1.02,1.01,1.01,+0.23,+29.49%,0.0
2026-01-21,1.47,1.48,1.47,1.48,+0.47,+46.53%,0.0
2026-01-22,0.88,0.89,0.88,0.89,-0.59,-39.86%,0.0
2026-01-23,1.09,1.09,1.09,1.09,+0.20,+22.47%,0.0
2026-01-26,1.14,1.14,1.14,1.14,+0.05,+4.59%,0.0
2026-01-27,1.25,1.25,1.25,1.25,+0.11,+9.65%,0.0
2026-01-28,1.47,1.47,1.47,1.47,+0.22,+17.60%,0.0
2026-01-29,1.14,1.15,1.14,1.15,-0.32,-21.77%,0.0
2026-01-30,0.74,0.74,0.72,0.72,-0.43,-37.39%,0.0
2026-02-02,1.24,1.24,1.24,1.24,+0.52,+72.22%,0.0
2026-02-03,0.85,0.86,0.85,0.86,-0.38,-30.65%,0.0
2026-02-04,0.58,0.58,0.56,0.56,-0.30,-34.88%,0.0
2026-02-05,1.07,1.07,1.07,1.07,+0.51,+91.07%,0.0
2026-02-06,0.97,0.99,0.97,0.99,-0.08,-7.48%,0.0
2026-02-09,0.93,0.93,0.93,0.93,-0.06,-6.06%,0.0
2026-02-10,0.84,0.85,0.84,0.85,-0.08,-8.60%,0.0
2026-02-11,0.58,0.58,0.58,0.58,-0.27,-31.76%,0.0
2026-02-12,1.13,1.13,1.12,1.12,+0.54,+93.10%,0.0
2026-02-13,0.80,0.8,0.79,0.79,-0.33,-29.46%,0.0
2026-02-17,0.8,0.8,0.79,0.79,unch,unch,0.0
2026-02-18,0.89,0.89,0.89,0.89,+0.10,+12.66%,0.0
2026-02-19,0.59,0.59,0.59,0.59,-0.30,-33.71%,0.0
2026-02-20,0.68,0.68,0.67,0.67,+0.08,+13.56%,0
